threshold,true_positive,false_positive,false_negative,true_negative,precision,recall,f1,false_positive_rate,predicted_industrial
0.02,53,177,4,971,0.23043478260869565,0.9298245614035088,0.3693379790940767,0.15418118466898956,230
0.03,50,151,7,997,0.24875621890547264,0.8771929824561403,0.3875968992248062,0.13153310104529617,201
0.04,47,132,10,1016,0.26256983240223464,0.8245614035087719,0.3983050847457627,0.11498257839721254,179
0.05,45,118,12,1030,0.27607361963190186,0.7894736842105263,0.4090909090909091,0.10278745644599303,163
0.06,44,105,13,1043,0.2953020134228188,0.7719298245614035,0.42718446601941745,0.09146341463414634,149
0.07,43,97,14,1051,0.30714285714285716,0.7543859649122807,0.4365482233502538,0.08449477351916376,140
0.08,40,93,17,1055,0.3007518796992481,0.7017543859649122,0.42105263157894735,0.08101045296167247,133
0.09,40,90,17,1058,0.3076923076923077,0.7017543859649122,0.42780748663101603,0.078397212543554,130
0.1,39,84,18,1064,0.3170731707317073,0.6842105263157895,0.43333333333333335,0.07317073170731707,123
0.11,36,78,21,1070,0.3157894736842105,0.631578947368421,0.42105263157894735,0.06794425087108014,114
0.12,36,74,21,1074,0.32727272727272727,0.631578947368421,0.4311377245508982,0.06445993031358885,110
0.13,35,69,22,1079,0.33653846153846156,0.6140350877192983,0.43478260869565216,0.06010452961672474,104
0.14,34,65,23,1083,0.3434343434343434,0.5964912280701754,0.4358974358974359,0.05662020905923345,99
0.15,32,61,25,1087,0.34408602150537637,0.5614035087719298,0.4266666666666667,0.05313588850174216,93
0.16,31,54,26,1094,0.36470588235294116,0.543859649122807,0.43661971830985913,0.047038327526132406,85
0.17,31,48,26,1100,0.3924050632911392,0.543859649122807,0.45588235294117646,0.041811846689895474,79
0.18,29,47,28,1101,0.3815789473684211,0.5087719298245614,0.43609022556390975,0.040940766550522645,76
0.19,28,46,29,1102,0.3783783783783784,0.49122807017543857,0.42748091603053434,0.04006968641114982,74
0.2,27,45,30,1103,0.375,0.47368421052631576,0.4186046511627907,0.039198606271777,72
0.21,27,44,30,1104,0.38028169014084506,0.47368421052631576,0.421875,0.03832752613240418,71
0.22,26,42,31,1106,0.38235294117647056,0.45614035087719296,0.416,0.036585365853658534,68
0.23,26,40,31,1108,0.3939393939393939,0.45614035087719296,0.42276422764227645,0.03484320557491289,66
0.24,26,37,31,1111,0.4126984126984127,0.45614035087719296,0.43333333333333335,0.032229965156794424,63
0.25,23,34,34,1114,0.40350877192982454,0.40350877192982454,0.40350877192982454,0.029616724738675958,57
0.26,21,31,36,1117,0.40384615384615385,0.3684210526315789,0.3853211009174312,0.02700348432055749,52
0.27,21,30,36,1118,0.4117647058823529,0.3684210526315789,0.3888888888888889,0.02613240418118467,51
0.28,21,28,36,1120,0.42857142857142855,0.3684210526315789,0.39622641509433965,0.024390243902439025,49
0.29,21,27,36,1121,0.4375,0.3684210526315789,0.4,0.023519163763066203,48
0.3,20,27,37,1121,0.425531914893617,0.3508771929824561,0.38461538461538464,0.023519163763066203,47
0.31,18,26,39,1122,0.4090909090909091,0.3157894736842105,0.3564356435643564,0.02264808362369338,44
0.32,17,26,40,1122,0.3953488372093023,0.2982456140350877,0.34,0.02264808362369338,43
0.33,15,24,42,1124,0.38461538461538464,0.2631578947368421,0.3125,0.020905923344947737,39
0.34,14,23,43,1125,0.3783783783783784,0.24561403508771928,0.2978723404255319,0.02003484320557491,37
0.35,14,22,43,1126,0.3888888888888889,0.24561403508771928,0.3010752688172043,0.01916376306620209,36
0.36,14,21,43,1127,0.4,0.24561403508771928,0.30434782608695654,0.018292682926829267,35
0.37,14,20,43,1128,0.4117647058823529,0.24561403508771928,0.3076923076923077,0.017421602787456445,34
0.38,14,20,43,1128,0.4117647058823529,0.24561403508771928,0.3076923076923077,0.017421602787456445,34
0.39,13,20,44,1128,0.3939393939393939,0.22807017543859648,0.28888888888888886,0.017421602787456445,33
0.4,13,18,44,1130,0.41935483870967744,0.22807017543859648,0.29545454545454547,0.0156794425087108,31
0.41,13,18,44,1130,0.41935483870967744,0.22807017543859648,0.29545454545454547,0.0156794425087108,31
0.42,13,15,44,1133,0.4642857142857143,0.22807017543859648,0.3058823529411765,0.013066202090592335,28
0.43,13,14,44,1134,0.48148148148148145,0.22807017543859648,0.30952380952380953,0.012195121951219513,27
0.44,12,14,45,1134,0.46153846153846156,0.21052631578947367,0.2891566265060241,0.012195121951219513,26
0.45,12,13,45,1135,0.48,0.21052631578947367,0.2926829268292683,0.01132404181184669,25
0.46,11,12,46,1136,0.4782608695652174,0.19298245614035087,0.275,0.010452961672473868,23
0.47,11,10,46,1138,0.5238095238095238,0.19298245614035087,0.28205128205128205,0.008710801393728223,21
0.48,11,8,46,1140,0.5789473684210527,0.19298245614035087,0.2894736842105263,0.006968641114982578,19
0.49,10,8,47,1140,0.5555555555555556,0.17543859649122806,0.26666666666666666,0.006968641114982578,18
0.5,10,7,47,1141,0.5882352941176471,0.17543859649122806,0.2702702702702703,0.006097560975609756,17
0.51,8,7,49,1141,0.5333333333333333,0.14035087719298245,0.2222222222222222,0.006097560975609756,15
0.52,8,7,49,1141,0.5333333333333333,0.14035087719298245,0.2222222222222222,0.006097560975609756,15
0.53,8,7,49,1141,0.5333333333333333,0.14035087719298245,0.2222222222222222,0.006097560975609756,15
0.54,8,6,49,1142,0.5714285714285714,0.14035087719298245,0.22535211267605634,0.005226480836236934,14
0.55,8,5,49,1143,0.6153846153846154,0.14035087719298245,0.22857142857142856,0.004355400696864111,13
0.56,7,5,50,1143,0.5833333333333334,0.12280701754385964,0.2028985507246377,0.004355400696864111,12
0.57,7,4,50,1144,0.6363636363636364,0.12280701754385964,0.20588235294117646,0.003484320557491289,11
0.58,7,3,50,1145,0.7,0.12280701754385964,0.208955223880597,0.002613240418118467,10
0.59,7,3,50,1145,0.7,0.12280701754385964,0.208955223880597,0.002613240418118467,10
0.6,7,3,50,1145,0.7,0.12280701754385964,0.208955223880597,0.002613240418118467,10
0.61,7,3,50,1145,0.7,0.12280701754385964,0.208955223880597,0.002613240418118467,10
0.62,7,3,50,1145,0.7,0.12280701754385964,0.208955223880597,0.002613240418118467,10
0.63,7,3,50,1145,0.7,0.12280701754385964,0.208955223880597,0.002613240418118467,10
0.64,6,3,51,1145,0.6666666666666666,0.10526315789473684,0.18181818181818182,0.002613240418118467,9
0.65,6,3,51,1145,0.6666666666666666,0.10526315789473684,0.18181818181818182,0.002613240418118467,9
0.66,5,3,52,1145,0.625,0.08771929824561403,0.15384615384615385,0.002613240418118467,8
0.67,4,3,53,1145,0.5714285714285714,0.07017543859649122,0.125,0.002613240418118467,7
0.68,4,3,53,1145,0.5714285714285714,0.07017543859649122,0.125,0.002613240418118467,7
0.69,4,3,53,1145,0.5714285714285714,0.07017543859649122,0.125,0.002613240418118467,7
0.7,4,3,53,1145,0.5714285714285714,0.07017543859649122,0.125,0.002613240418118467,7
0.71,4,3,53,1145,0.5714285714285714,0.07017543859649122,0.125,0.002613240418118467,7
0.72,4,3,53,1145,0.5714285714285714,0.07017543859649122,0.125,0.002613240418118467,7
0.73,4,3,53,1145,0.5714285714285714,0.07017543859649122,0.125,0.002613240418118467,7
0.74,4,2,53,1146,0.6666666666666666,0.07017543859649122,0.12698412698412698,0.0017421602787456446,6
0.75,4,1,53,1147,0.8,0.07017543859649122,0.12903225806451613,0.0008710801393728223,5
0.76,4,1,53,1147,0.8,0.07017543859649122,0.12903225806451613,0.0008710801393728223,5
0.77,4,1,53,1147,0.8,0.07017543859649122,0.12903225806451613,0.0008710801393728223,5
0.78,4,1,53,1147,0.8,0.07017543859649122,0.12903225806451613,0.0008710801393728223,5
0.79,3,1,54,1147,0.75,0.05263157894736842,0.09836065573770492,0.0008710801393728223,4
0.8,3,1,54,1147,0.75,0.05263157894736842,0.09836065573770492,0.0008710801393728223,4
