threshold,true_positive,false_positive,false_negative,true_negative,precision,recall,f1,predicted_industrial
0.02,54,191,3,924,0.22040816326530613,0.9473684210526315,0.35761589403973504,245
0.03,53,171,4,944,0.23660714285714285,0.9298245614035088,0.37722419928825623,224
0.04,53,143,4,972,0.27040816326530615,0.9298245614035088,0.41897233201581036,196
0.05,53,137,4,978,0.2789473684210526,0.9298245614035088,0.4291497975708502,190
0.06,53,130,4,985,0.2896174863387978,0.9298245614035088,0.4416666666666667,183
0.07,52,122,5,993,0.2988505747126437,0.9122807017543859,0.45021645021645024,174
0.08,51,114,6,1001,0.3090909090909091,0.8947368421052632,0.45945945945945943,165
0.09,51,102,6,1013,0.3333333333333333,0.8947368421052632,0.48571428571428565,153
0.1,50,97,7,1018,0.3401360544217687,0.8771929824561403,0.49019607843137253,147
0.11,50,91,7,1024,0.3546099290780142,0.8771929824561403,0.5050505050505051,141
0.12,49,85,8,1030,0.3656716417910448,0.8596491228070176,0.5130890052356021,134
0.13,49,79,8,1036,0.3828125,0.8596491228070176,0.5297297297297298,128
0.14,49,75,8,1040,0.3951612903225806,0.8596491228070176,0.5414364640883979,124
0.15,48,72,9,1043,0.4,0.8421052631578947,0.5423728813559322,120
0.16,48,65,9,1050,0.4247787610619469,0.8421052631578947,0.5647058823529412,113
0.17,47,62,10,1053,0.43119266055045874,0.8245614035087719,0.5662650602409639,109
0.18,47,59,10,1056,0.44339622641509435,0.8245614035087719,0.5766871165644172,106
0.19,46,56,11,1059,0.45098039215686275,0.8070175438596491,0.5786163522012578,102
0.2,44,54,13,1061,0.4489795918367347,0.7719298245614035,0.5677419354838709,98
0.21,42,53,15,1062,0.4421052631578947,0.7368421052631579,0.5526315789473685,95
0.22,40,52,17,1063,0.43478260869565216,0.7017543859649122,0.5369127516778524,92
0.23,40,50,17,1065,0.4444444444444444,0.7017543859649122,0.54421768707483,90
0.24,38,50,19,1065,0.4318181818181818,0.6666666666666666,0.5241379310344827,88
0.25,38,49,19,1066,0.4367816091954023,0.6666666666666666,0.5277777777777778,87
0.26,38,45,19,1070,0.4578313253012048,0.6666666666666666,0.5428571428571428,83
0.27,37,43,20,1072,0.4625,0.6491228070175439,0.5401459854014599,80
0.28,36,43,21,1072,0.45569620253164556,0.631578947368421,0.5294117647058824,79
0.29,35,42,22,1073,0.45454545454545453,0.6140350877192983,0.5223880597014926,77
0.3,33,40,24,1075,0.4520547945205479,0.5789473684210527,0.5076923076923077,73
0.31,32,38,25,1077,0.45714285714285713,0.5614035087719298,0.5039370078740157,70
0.32,31,37,26,1078,0.45588235294117646,0.543859649122807,0.496,68
0.33,30,34,27,1081,0.46875,0.5263157894736842,0.49586776859504134,64
0.34,30,33,27,1082,0.47619047619047616,0.5263157894736842,0.5,63
0.35,30,32,27,1083,0.4838709677419355,0.5263157894736842,0.504201680672269,62
0.36,29,30,28,1085,0.4915254237288136,0.5087719298245614,0.5,59
0.37,29,30,28,1085,0.4915254237288136,0.5087719298245614,0.5,59
0.38,29,30,28,1085,0.4915254237288136,0.5087719298245614,0.5,59
0.39,29,29,28,1086,0.5,0.5087719298245614,0.5043478260869565,58
0.4,27,23,30,1092,0.54,0.47368421052631576,0.5046728971962616,50
0.41,26,20,31,1095,0.5652173913043478,0.45614035087719296,0.5048543689320387,46
0.42,26,15,31,1100,0.6341463414634146,0.45614035087719296,0.5306122448979592,41
0.43,25,15,32,1100,0.625,0.43859649122807015,0.5154639175257731,40
0.44,24,13,33,1102,0.6486486486486487,0.42105263157894735,0.5106382978723405,37
0.45,24,12,33,1103,0.6666666666666666,0.42105263157894735,0.5161290322580646,36
0.46,23,12,34,1103,0.6571428571428571,0.40350877192982454,0.5,35
0.47,22,11,35,1104,0.6666666666666666,0.38596491228070173,0.4888888888888889,33
0.48,21,11,36,1104,0.65625,0.3684210526315789,0.47191011235955055,32
0.49,21,11,36,1104,0.65625,0.3684210526315789,0.47191011235955055,32
0.5,21,8,36,1107,0.7241379310344828,0.3684210526315789,0.48837209302325585,29
0.51,20,6,37,1109,0.7692307692307693,0.3508771929824561,0.48192771084337344,26
0.52,20,4,37,1111,0.8333333333333334,0.3508771929824561,0.4938271604938272,24
0.53,20,4,37,1111,0.8333333333333334,0.3508771929824561,0.4938271604938272,24
0.54,18,3,39,1112,0.8571428571428571,0.3157894736842105,0.46153846153846156,21
0.55,16,3,41,1112,0.8421052631578947,0.2807017543859649,0.42105263157894735,19
0.56,16,3,41,1112,0.8421052631578947,0.2807017543859649,0.42105263157894735,19
0.57,16,3,41,1112,0.8421052631578947,0.2807017543859649,0.42105263157894735,19
0.58,15,3,42,1112,0.8333333333333334,0.2631578947368421,0.39999999999999997,18
0.59,15,3,42,1112,0.8333333333333334,0.2631578947368421,0.39999999999999997,18
0.6,15,2,42,1113,0.8823529411764706,0.2631578947368421,0.40540540540540543,17
0.61,15,2,42,1113,0.8823529411764706,0.2631578947368421,0.40540540540540543,17
0.62,14,2,43,1113,0.875,0.24561403508771928,0.3835616438356165,16
0.63,14,2,43,1113,0.875,0.24561403508771928,0.3835616438356165,16
0.64,12,2,45,1113,0.8571428571428571,0.21052631578947367,0.33802816901408456,14
0.65,12,2,45,1113,0.8571428571428571,0.21052631578947367,0.33802816901408456,14
0.66,12,2,45,1113,0.8571428571428571,0.21052631578947367,0.33802816901408456,14
0.67,11,2,46,1113,0.8461538461538461,0.19298245614035087,0.3142857142857142,13
0.68,9,2,48,1113,0.8181818181818182,0.15789473684210525,0.2647058823529412,11
0.69,8,2,49,1113,0.8,0.14035087719298245,0.23880597014925373,10
0.7,8,2,49,1113,0.8,0.14035087719298245,0.23880597014925373,10
0.71,8,2,49,1113,0.8,0.14035087719298245,0.23880597014925373,10
0.72,8,0,49,1115,1.0,0.14035087719298245,0.24615384615384614,8
0.73,7,0,50,1115,1.0,0.12280701754385964,0.21875,7
0.74,6,0,51,1115,1.0,0.10526315789473684,0.1904761904761905,6
0.75,5,0,52,1115,1.0,0.08771929824561403,0.16129032258064516,5
0.76,4,0,53,1115,1.0,0.07017543859649122,0.13114754098360656,4
0.77,4,0,53,1115,1.0,0.07017543859649122,0.13114754098360656,4
0.78,3,0,54,1115,1.0,0.05263157894736842,0.1,3
0.79,3,0,54,1115,1.0,0.05263157894736842,0.1,3
0.8,3,0,54,1115,1.0,0.05263157894736842,0.1,3
