observation_id,source_class,calibrated_predicted_class,label_quality,label_source,temporal_status,frp,brightness,detections_30d,distinct_active_days_30d,distance_to_strong_industrial_km,distance_to_supporting_industrial_km,distance_to_infrastructure_km,distance_to_vegetation_km,independent_industrial_distance_km,calibrated_prob_industrial,calibrated_prob_natural,calibrated_prob_other
FW25_00130729,industrial_fire_candidate,natural_vegetation_fire,B_STRONG_WEAK_LABEL,independent_industrial_reference,EPISODIC,4.5,328.14,2,1,3.8642743,3.6341283,10.979785,2.9180007,1.1280728565781906,0.0007198823373147,0.9195915206886944,0.0796885969739908
FW25_00423466,industrial_fire_candidate,natural_vegetation_fire,B_STRONG_WEAK_LABEL,independent_industrial_reference,EPISODIC,12.18,341.96,0,0,2.263746,5.6029606,2.2695353,2.6626937,1.7586751518905308,0.001344324974743,0.7728024923557665,0.2258531826694904
FW25_00423465,industrial_fire_candidate,natural_vegetation_fire,B_STRONG_WEAK_LABEL,independent_industrial_reference,EPISODIC,14.44,355.99,1,1,2.115661,5.0146484,2.2418478,2.3852766,1.840908387790002,0.0015579732929851,0.7215492417861519,0.2768927849208629
FW25_00423467,industrial_fire_candidate,natural_vegetation_fire,B_STRONG_WEAK_LABEL,independent_industrial_reference,EPISODIC,9.32,340.19,0,0,1.9927032,6.0561285,1.9991391,2.56616,1.4412361591459875,0.002112063061555,0.7337006360018268,0.2641873009366183
FW25_00547549,industrial_fire_candidate,natural_vegetation_fire,B_STRONG_WEAK_LABEL,independent_industrial_reference,EPISODIC,5.46,333.49,1,1,2.0516257,12.549711,2.256084,3.3685474,1.8581351657348102,0.0024641459916054,0.8426646621103225,0.154871191898072
FW25_00562224,industrial_fire_candidate,natural_vegetation_fire,B_STRONG_WEAK_LABEL,independent_industrial_reference,EPISODIC,4.46,337.03,0,0,1.8709986,5.850949,5.862814,6.812705,1.882629090463366,0.0033089785482697,0.7272266376426905,0.2694643838090398
FW25_00451901,industrial_fire_candidate,natural_vegetation_fire,B_STRONG_WEAK_LABEL,independent_industrial_reference,EPISODIC,13.03,346.57,0,0,1.4479299,9.705086,1.3153309,0.5208768,1.563976343916871,0.0054781578476338,0.7618553061038003,0.2326665360485658
FW25_00443426,industrial_fire_candidate,natural_vegetation_fire,B_STRONG_WEAK_LABEL,independent_industrial_reference,EPISODIC,17.87,352.05,0,0,1.5626252,12.83391,1.8208126,3.7379825,1.309317272031912,0.0087157654665148,0.7660553438265095,0.2252288907069755
FW25_00430953,industrial_fire_candidate,natural_vegetation_fire,B_STRONG_WEAK_LABEL,independent_industrial_reference,EPISODIC,19.98,346.3,1,1,1.5347313,1.4973404,2.0177073,2.3216498,1.570068530330165,0.0089560415440401,0.7509583172211985,0.2400856412347614
FW25_00546551,industrial_fire_candidate,other_uncertain,B_HIGH_CONFIDENCE_WEAK_LABEL,independent_industrial_reference,PERSISTENT,1.87,310.88,18,11,0.8346784,18.4575,3.3615475,9.726065,0.38787888248480495,0.00969866383472,0.0726526509226249,0.917648685242655
FW25_00399593,industrial_fire_candidate,natural_vegetation_fire,B_STRONG_WEAK_LABEL,independent_industrial_reference,EPISODIC,4.51,338.64,0,0,1.371063,9.782997,1.8154737,4.4797072,1.8565268422340653,0.0102470919964605,0.6484905187348263,0.3412623892687131
FW25_00349255,industrial_fire_candidate,natural_vegetation_fire,B_STRONG_WEAK_LABEL,independent_industrial_reference,EPISODIC,18.16,346.58,1,1,1.9440448,1.8736159,1.8336651,2.0418496,1.9338731561457638,0.0108022106765072,0.6333498342821211,0.3558479550413717
FW25_00400185,industrial_fire_candidate,natural_vegetation_fire,B_STRONG_WEAK_LABEL,independent_industrial_reference,EPISODIC,28.11,356.01,1,1,1.8903762,1.7348078,1.8570739,3.687544,1.8274573767920053,0.0108112806292136,0.6818673904285455,0.3073213289422409
FW25_00642014,industrial_fire_candidate,natural_vegetation_fire,B_STRONG_WEAK_LABEL,independent_industrial_reference,EPISODIC,5.67,338.8,0,0,1.1371292,20.76045,1.0942974,13.05094,1.1746624913192774,0.0113222818911091,0.6428952048013843,0.3457825133075065
FW25_00573770,industrial_fire_candidate,other_uncertain,B_STRONG_WEAK_LABEL,independent_industrial_reference,EPISODIC,2.41,319.96,0,0,1.1812139,3.292983,1.1517755,1.7229435,1.0710896864744772,0.0118794976736928,0.2658497462755342,0.722270756050773
FW25_00604552,industrial_fire_candidate,other_uncertain,B_STRONG_WEAK_LABEL,independent_industrial_reference,EPISODIC,13.61,367.0,1,1,1.7399063,1.7776114,1.7289592,2.0599654,1.8118112792476464,0.0120260285063885,0.3453112110427977,0.6426627604508136
FW25_00529281,industrial_fire_candidate,natural_vegetation_fire,B_STRONG_WEAK_LABEL,independent_industrial_reference,EPISODIC,6.05,340.1,0,0,2.0389526,1.6059749,1.2940251,1.348376,1.6816236044542807,0.0121203836752725,0.4944904698857604,0.4933891464389668
FW25_00250606,industrial_fire_candidate,other_uncertain,B_HIGH_CONFIDENCE_WEAK_LABEL,independent_industrial_reference,PERSISTENT,1.1,304.42,25,21,0.5445445,18.483263,3.6737306,9.643394,0.06062418220446361,0.0130082232849961,0.0635137091986837,0.92347806751632
FW25_00400187,industrial_fire_candidate,natural_vegetation_fire,B_STRONG_WEAK_LABEL,independent_industrial_reference,EPISODIC,24.77,350.85,1,1,1.9307216,1.7781361,1.8722489,3.6628942,1.8590511442185995,0.0130381032175615,0.6491566412202889,0.3378052555621495
FW25_00491413,industrial_fire_candidate,natural_vegetation_fire,B_STRONG_WEAK_LABEL,independent_industrial_reference,EPISODIC,7.88,343.65,0,0,2.278847,1.7193792,1.2693737,0.81393594,1.8485949230957326,0.0133816143916013,0.6194744201484561,0.3671439654599424
FW25_00400190,industrial_fire_candidate,natural_vegetation_fire,B_STRONG_WEAK_LABEL,independent_industrial_reference,EPISODIC,30.65,367.0,1,1,1.9232562,1.779097,1.8217591,3.752054,1.837543744202635,0.0136162248472381,0.6207872653352421,0.3655965098175199
FW25_00144481,industrial_fire_candidate,other_uncertain,B_STRONG_WEAK_LABEL,independent_industrial_reference,EPISODIC,0.82,304.47,2,2,0.6322555,10.742731,1.9869914,1.2587554,1.8407154104213723,0.0136849538713181,0.4686085395641917,0.5177065065644902
FW25_00572213,industrial_fire_candidate,natural_vegetation_fire,B_STRONG_WEAK_LABEL,independent_industrial_reference,EPISODIC,5.89,336.1,2,1,1.9402759,5.22912,1.5308882,6.2695966,1.7422127612497822,0.0138897541830001,0.7073710803763442,0.2787391654406556
FW25_00098950,industrial_fire_candidate,other_uncertain,B_HIGH_CONFIDENCE_WEAK_LABEL,independent_industrial_reference,PERSISTENT,0.79,303.02,31,24,0.3812711,18.49099,3.9192939,9.6027565,0.19139393604832797,0.014934125260944,0.025803101990585,0.959262772748471
FW25_00398004,industrial_fire_candidate,natural_vegetation_fire,B_STRONG_WEAK_LABEL,independent_industrial_reference,EPISODIC,5.38,342.05,0,0,1.6609569,1.7141845,1.7268122,1.2182624,1.725331959444463,0.0152411626063112,0.6389349876933158,0.3458238497003729
FW25_00474328,industrial_fire_candidate,other_uncertain,B_HIGH_CONFIDENCE_WEAK_LABEL,independent_industrial_reference,RECURRENT,0.5,304.75,4,4,1.9851743,11.841115,0.7231424,2.4795916,0.7514839471968436,0.016091432725798,0.428392763512033,0.5555158037621688
FW25_00436134,industrial_fire_candidate,other_uncertain,B_HIGH_CONFIDENCE_WEAK_LABEL,independent_industrial_reference,EPISODIC,9.99,342.58,1,1,0.81751245,3.91905,0.5484622,6.08693,0.45171949126194866,0.0168508541754929,0.468600040720624,0.5145491051038831
FW25_00396585,industrial_fire_candidate,natural_vegetation_fire,B_STRONG_WEAK_LABEL,independent_industrial_reference,EPISODIC,11.66,343.29,2,2,1.5678421,1.8521134,2.0788329,12.396242,1.8291550984401495,0.0177701706779307,0.5908198975666882,0.3914099317553812
FW25_00578122,industrial_fire_candidate,other_uncertain,B_STRONG_WEAK_LABEL,independent_industrial_reference,EPISODIC,1.26,330.64,0,0,1.500347,1.5484196,1.7695851,3.712952,1.5579290327719255,0.0244088955727991,0.4537288339789621,0.5218622704482387
FW25_00010478,industrial_fire_candidate,natural_vegetation_fire,B_STRONG_WEAK_LABEL,independent_industrial_reference,EPISODIC,1.6,308.04,1,1,4.472567,4.9965153,1.9505849,9.421947,1.8206644430235974,0.0247634707496637,0.5879867347447755,0.3872497945055609
FW25_00630358,industrial_fire_candidate,natural_vegetation_fire,B_STRONG_WEAK_LABEL,independent_industrial_reference,EPISODIC,2.16,333.79,2,2,1.4876199,1.6453683,1.1087868,2.4342847,1.6329459081981839,0.0254313635421549,0.5733515129257816,0.4012171235320635
FW25_00007148,industrial_fire_candidate,other_uncertain,B_HIGH_CONFIDENCE_WEAK_LABEL,independent_industrial_reference,RECURRENT,0.56,301.19,3,2,1.4481275,11.768999,0.8532901,2.0962996,0.7093046298956698,0.0261445868271447,0.0815323199739491,0.892323093198906
FW25_00007147,industrial_fire_candidate,other_uncertain,B_HIGH_CONFIDENCE_WEAK_LABEL,independent_industrial_reference,RECURRENT,0.81,299.07,3,2,1.9966311,12.009733,0.5297935,2.6543448,0.551221938421945,0.0264513519245837,0.1394997045873106,0.8340489434881057
FW25_00196094,industrial_fire_candidate,other_uncertain,B_HIGH_CONFIDENCE_WEAK_LABEL,independent_industrial_reference,PERSISTENT,2.1,306.6,7,7,1.6205885,11.990342,0.6500568,2.250097,0.4852384437520355,0.0290910561303508,0.0768178490448662,0.8940910948247829
FW25_00035556,industrial_fire_candidate,other_uncertain,B_STRONG_WEAK_LABEL,independent_industrial_reference,EPISODIC,7.47,342.67,1,1,2.0278852,1.7469226,1.682833,3.249009,1.72195089982333,0.0302274674837503,0.4831140820793307,0.4866584504369189
FW25_00515937,industrial_fire_candidate,other_uncertain,B_STRONG_WEAK_LABEL,independent_industrial_reference,EPISODIC,0.47,303.09,0,0,1.1294951,2.738215,0.80713505,3.1407554,1.1290176149990148,0.0305307919094973,0.0371604012235204,0.9323088068669824
FW25_00472737,industrial_fire_candidate,natural_vegetation_fire,B_STRONG_WEAK_LABEL,independent_industrial_reference,EPISODIC,6.19,338.09,0,0,3.1066885,1.70899,1.4187486,10.2791395,1.8299272284184693,0.0313189834126417,0.5278631496991043,0.440817866888254
FW25_00517604,industrial_fire_candidate,other_uncertain,B_HIGH_CONFIDENCE_WEAK_LABEL,independent_industrial_reference,RECURRENT,1.19,297.72,3,3,0.46215475,18.530989,3.7306273,9.586337,0.05065148186632077,0.0321688388597186,0.0411587576086714,0.9266724035316098
FW25_00514941,industrial_fire_candidate,other_uncertain,B_HIGH_CONFIDENCE_WEAK_LABEL,independent_industrial_reference,EPISODIC,0.74,305.33,0,0,1.6125921,11.937189,0.65831363,2.2299657,0.47153159919409054,0.0344438690140986,0.1332480171735623,0.8323081138123389
FW25_00585644,industrial_fire_candidate,other_uncertain,B_STRONG_WEAK_LABEL,independent_industrial_reference,EPISODIC,3.2,335.03,0,0,1.4012079,18.580507,0.82108563,6.6633873,1.6366621045324554,0.036971319312268,0.3414249781664127,0.6216037025213191
FW25_00645513,industrial_fire_candidate,other_uncertain,B_STRONG_WEAK_LABEL,independent_industrial_reference,RECURRENT,2.44,336.04,4,2,0.9425667,1.535663,1.5251352,1.3259875,1.8944011258859972,0.0386301909466728,0.4144388239806848,0.5469309850726423
FW25_00009358,industrial_fire_candidate,other_uncertain,B_HIGH_CONFIDENCE_WEAK_LABEL,independent_industrial_reference,PERSISTENT,0.98,305.68,30,22,0.49765655,22.911325,0.16563502,7.2343273,0.28633585630202607,0.0454158639161854,0.0129506329759703,0.941633503107844
FW25_00219901,industrial_fire_candidate,other_uncertain,B_STRONG_WEAK_LABEL,independent_industrial_reference,RECURRENT,6.12,367.0,5,2,1.0352746,0.18589063,1.8484498,0.8914283,1.353567112938857,0.0514884194924098,0.3911419642178663,0.5573696162897238
FW25_00375774,industrial_fire_candidate,other_uncertain,B_HIGH_CONFIDENCE_WEAK_LABEL,independent_industrial_reference,PERSISTENT,5.55,310.62,7,7,0.15661341,8.113572,0.3704953,5.485861,0.45877904650059614,0.0545089129522462,0.0436032745858535,0.9018878124619004
FW25_00395709,industrial_fire_candidate,other_uncertain,B_STRONG_WEAK_LABEL,independent_industrial_reference,EPISODIC,5.67,339.75,0,0,1.2220151,1.8312372,2.1502767,18.34931,1.924798605321662,0.0583278075685133,0.4056362165587265,0.5360359758727601
FW25_00107553,industrial_fire_candidate,other_uncertain,B_STRONG_WEAK_LABEL,independent_industrial_reference,RECURRENT,0.48,304.34,3,3,0.81513476,11.673303,0.5167308,3.3531744,1.9630887968645938,0.06031360034638,0.115113833369684,0.8245725662839358
FW25_00007101,industrial_fire_candidate,other_uncertain,B_STRONG_WEAK_LABEL,independent_industrial_reference,EPISODIC,0.49,302.0,0,0,0.2410374,1.3355639,1.8423415,1.1804532,1.7521909831646199,0.0614267415707444,0.0329338931164635,0.905639365312792
FW25_00544872,industrial_fire_candidate,other_uncertain,B_HIGH_CONFIDENCE_WEAK_LABEL,independent_industrial_reference,EPISODIC,0.77,298.34,2,2,0.5417556,5.6933765,0.76698524,0.92466474,0.7374522845299546,0.0620524509465146,0.1606792746740052,0.7772682743794801
FW25_00535671,industrial_fire_candidate,other_uncertain,B_STRONG_WEAK_LABEL,independent_industrial_reference,EPISODIC,1.22,301.39,2,2,0.21782215,7.204704,2.0977223,5.1620564,1.1511624752627194,0.0622019850737237,0.031915635968879,0.9058823789573972
FW25_00540793,industrial_fire_candidate,other_uncertain,B_STRONG_WEAK_LABEL,independent_industrial_reference,RECURRENT,4.48,344.51,4,1,0.7040561,0.19554016,1.5452098,1.0038284,1.0041693130135532,0.0641413658174322,0.1601661213913718,0.7756925127911958
FW25_00037441,industrial_fire_candidate,other_uncertain,B_HIGH_CONFIDENCE_WEAK_LABEL,independent_industrial_reference,PERSISTENT,0.66,299.2,9,9,0.32397652,5.885852,0.54116625,0.8189601,0.6526407161201044,0.0684960215485894,0.1156200694310388,0.8158839090203718
FW25_00520930,industrial_fire_candidate,other_uncertain,B_STRONG_WEAK_LABEL,independent_industrial_reference,EPISODIC,5.26,352.61,0,0,0.58439106,0.18196848,1.3122867,53.357746,1.138691881966601,0.0793904043870311,0.0097099328163811,0.9108996627965876
FW25_00548565,industrial_fire_candidate,other_uncertain,B_STRONG_WEAK_LABEL,independent_industrial_reference,PERSISTENT,0.82,299.0,14,11,1.1041516,1.2152958,2.470334,2.9210656,1.7168134331272693,0.0833153910473525,0.0189874982501699,0.8976971107024775
FW25_00056788,industrial_fire_candidate,other_uncertain,B_HIGH_CONFIDENCE_WEAK_LABEL,independent_industrial_reference,PERSISTENT,2.09,306.66,13,12,0.14392312,17.474054,0.3631713,2.7117343,0.6120211027030691,0.0842902136179963,0.0236386912623102,0.8920710951196934
FW25_00638534,industrial_fire_candidate,other_uncertain,B_HIGH_CONFIDENCE_WEAK_LABEL,independent_industrial_reference,PERSISTENT,1.11,302.58,9,8,0.45184672,5.698083,0.72953296,0.8116217,0.7867350696848718,0.0849582120356518,0.1233768735194922,0.7916649144448559
FW25_00623983,industrial_fire_candidate,other_uncertain,B_STRONG_WEAK_LABEL,independent_industrial_reference,EPISODIC,2.88,332.26,0,0,1.541321,1.6857449,1.3523216,18.465256,1.5888840973638192,0.0850236514114465,0.3507919697019546,0.5641843788865989
FW25_00510618,industrial_fire_candidate,other_uncertain,B_STRONG_WEAK_LABEL,independent_industrial_reference,EPISODIC,16.73,346.47,0,0,0.67399865,1.6074902,1.3316671,1.5187787,1.6719952311266546,0.091600107655785,0.3800780439147434,0.5283218484294715
FW25_00504008,industrial_fire_candidate,other_uncertain,B_HIGH_CONFIDENCE_WEAK_LABEL,independent_industrial_reference,EPISODIC,1.83,305.78,1,1,0.39550838,17.750895,0.57318157,5.945872,0.32299549231397173,0.0923132233744727,0.0786264557677279,0.8290603208577993
FW25_00052379,industrial_fire_candidate,other_uncertain,B_HIGH_CONFIDENCE_WEAK_LABEL,independent_industrial_reference,PERSISTENT,1.66,307.7,16,16,0.08470416,8.019442,0.4922021,5.37753,0.5504578208559733,0.09757014885698,0.0088272772134783,0.8936025739295416
FW25_00081039,industrial_fire_candidate,other_uncertain,B_HIGH_CONFIDENCE_WEAK_LABEL,independent_industrial_reference,RECURRENT,2.09,306.55,5,4,0.09537259,17.981327,0.79479825,6.0216,0.15593806020152828,0.099380564770477,0.0594297282590351,0.8411897069704878
FW25_00512214,industrial_fire_candidate,natural_vegetation_fire,B_STRONG_WEAK_LABEL,independent_industrial_reference,EPISODIC,10.82,346.86,1,1,1.5672423,1.0121622,1.4117454,0.981535,1.771376177099167,0.1047147985129942,0.5017537759299208,0.393531425557085
FW25_00272362,industrial_fire_candidate,other_uncertain,B_STRONG_WEAK_LABEL,independent_industrial_reference,EPISODIC,3.9,343.96,1,1,1.1886873,1.7674029,1.8058515,5.4140515,1.9465920197203728,0.1122741585525513,0.4118402549505561,0.4758855864968926
FW25_00529006,industrial_fire_candidate,other_uncertain,B_HIGH_CONFIDENCE_WEAK_LABEL,independent_industrial_reference,PERSISTENT,1.45,301.73,9,8,0.31579039,8.192174,0.23913479,5.59236,0.3192951270019391,0.1132545363801315,0.0130739894532066,0.8736714741666617
FW25_00104508,industrial_fire_candidate,other_uncertain,B_HIGH_CONFIDENCE_WEAK_LABEL,independent_industrial_reference,RECURRENT,1.41,307.33,4,4,0.84048253,10.3854475,0.70666975,8.59506,0.7104988000160104,0.1173149169374076,0.0340292397067176,0.8486558433558746
FW25_00024447,industrial_fire_candidate,other_uncertain,B_HIGH_CONFIDENCE_WEAK_LABEL,independent_industrial_reference,PERSISTENT,0.87,302.36,10,10,0.2687187,8.02481,0.4068362,5.4244018,0.36307378350838215,0.1188438772168268,0.0079256416431222,0.873230481140051
FW25_00411834,industrial_fire_candidate,other_uncertain,B_STRONG_WEAK_LABEL,independent_industrial_reference,EPISODIC,39.62,344.73,0,0,1.1095687,1.3411118,0.25107968,1.2019764,1.510633286470296,0.1293793935357242,0.3423947467507316,0.5282258597135442
FW25_00612023,industrial_fire_candidate,other_uncertain,B_HIGH_CONFIDENCE_WEAK_LABEL,independent_industrial_reference,RECURRENT,6.53,341.04,7,2,0.70991814,1.0752314,0.57006294,0.18155804,0.7691739726481666,0.1297691315863945,0.1830785411231691,0.6871523272904364
FW25_00245778,industrial_fire_candidate,other_uncertain,B_HIGH_CONFIDENCE_WEAK_LABEL,independent_industrial_reference,EPISODIC,0.96,298.51,0,0,0.82057124,1.0349659,1.3094457,0.5148015,0.9940808369311236,0.1370560565281154,0.1865594929454863,0.6763844505263982
FW25_00612024,industrial_fire_candidate,other_uncertain,B_STRONG_WEAK_LABEL,independent_industrial_reference,RECURRENT,17.37,355.61,7,2,0.8814209,0.8947799,0.26763114,0.365797,1.0451071403275358,0.1394492669444819,0.1921909473988118,0.6683597856567063
FW25_00467446,industrial_fire_candidate,other_uncertain,B_STRONG_WEAK_LABEL,independent_industrial_reference,PERSISTENT,3.69,335.84,30,12,0.9256842,1.3816966,1.3309875,2.5717218,1.6359849996980695,0.1395528233765923,0.0064586384894443,0.8539885381339634
FW25_00366651,industrial_fire_candidate,other_uncertain,B_STRONG_WEAK_LABEL,independent_industrial_reference,RECURRENT,4.75,344.75,3,2,0.8629048,0.09487179,1.6905991,0.8761883,1.1798378851652302,0.1408458850535061,0.2958728554385384,0.5632812595079555
FW25_00090085,industrial_fire_candidate,other_uncertain,B_HIGH_CONFIDENCE_WEAK_LABEL,independent_industrial_reference,RECURRENT,1.41,301.8,4,4,0.9480542,10.26672,0.6187084,8.4963665,0.7099820151600785,0.1425756342255776,0.0195412701551284,0.8378830956192939
FW25_00611843,industrial_fire_candidate,other_uncertain,B_HIGH_CONFIDENCE_WEAK_LABEL,independent_industrial_reference,EPISODIC,18.55,340.31,2,1,0.6257696,0.60783625,0.16500592,0.31327665,0.7095815863801068,0.1471955648752437,0.2419019527039623,0.6109024824207939
FW25_00514216,industrial_fire_candidate,other_uncertain,B_STRONG_WEAK_LABEL,independent_industrial_reference,EPISODIC,16.53,344.92,0,0,0.692241,1.5433339,0.8406767,27.053232,1.583015093484725,0.1477303302387643,0.026227154789447,0.8260425149717885
FW25_00604825,industrial_fire_candidate,other_uncertain,B_STRONG_WEAK_LABEL,independent_industrial_reference,PERSISTENT,0.59,297.47,34,26,1.5503234,1.2139083,1.8070964,0.59290826,1.4040042537551927,0.150146838500858,0.0581175656334505,0.7917355958656914
FW25_00514217,industrial_fire_candidate,other_uncertain,B_STRONG_WEAK_LABEL,independent_industrial_reference,EPISODIC,16.53,346.09,0,0,0.90885216,1.407209,0.4215253,26.680998,1.5310260203395096,0.1556461472802849,0.024597009612428,0.819756843107287
FW25_00607295,industrial_fire_candidate,other_uncertain,B_STRONG_WEAK_LABEL,independent_industrial_reference,EPISODIC,0.74,312.55,1,1,0.8986649,1.0800595,1.0817293,1.2032746,1.1459513894418338,0.1570361330755391,0.1193376383085055,0.7236262286159554
FW25_00008259,industrial_fire_candidate,other_uncertain,B_STRONG_WEAK_LABEL,independent_industrial_reference,EPISODIC,0.73,301.01,2,2,0.4791021,11.378452,0.30693406,3.0102587,1.8713896206311957,0.1582627859152723,0.021229745978851,0.8205074681058766
FW25_00514905,industrial_fire_candidate,other_uncertain,B_HIGH_CONFIDENCE_WEAK_LABEL,independent_industrial_reference,EPISODIC,1.82,301.74,1,1,0.23598237,22.633451,0.46841863,7.2087626,0.2639775297938387,0.1595975513734372,0.0275287615523066,0.8128736870742561
FW25_00527061,industrial_fire_candidate,other_uncertain,B_STRONG_WEAK_LABEL,independent_industrial_reference,RECURRENT,0.82,302.82,4,3,0.36675045,0.6793208,2.0404708,1.7752776,1.9719556356997492,0.166615762651036,0.038105890590229,0.795278346758735
FW25_00515179,industrial_fire_candidate,other_uncertain,B_HIGH_CONFIDENCE_WEAK_LABEL,independent_industrial_reference,EPISODIC,2.49,332.41,0,0,0.8172699,0.42759842,0.92471987,3.315682,0.8514493508298904,0.1679882970940065,0.1849689999338568,0.6470427029721366
FW25_00471237,industrial_fire_candidate,other_uncertain,B_STRONG_WEAK_LABEL,independent_industrial_reference,PERSISTENT,3.7,309.28,45,17,1.0870107,1.3618667,1.0946059,2.709197,1.3578611715521232,0.1688595771208877,0.0023046275717317,0.8288357953073804
FW25_00462908,industrial_fire_candidate,other_uncertain,B_STRONG_WEAK_LABEL,independent_industrial_reference,PERSISTENT,0.7,304.27,7,7,0.40165964,2.2767398,0.48306313,2.9769247,1.9976420545565703,0.1688890703405474,0.0157455976795647,0.8153653319798878
FW25_00526149,industrial_fire_candidate,other_uncertain,B_HIGH_CONFIDENCE_WEAK_LABEL,independent_industrial_reference,RECURRENT,0.63,304.17,4,4,0.29973727,7.9371777,0.49181047,5.3403993,0.39763732106065075,0.1701144401775367,0.0165225224020537,0.8133630374204095
FW25_00644940,industrial_fire_candidate,other_uncertain,B_HIGH_CONFIDENCE_WEAK_LABEL,independent_industrial_reference,PERSISTENT,0.56,298.91,7,7,0.73366654,10.49748,0.76707643,8.700056,0.6937543682845764,0.1809197893865561,0.0223023121326646,0.7967778984807792
FW25_00542342,industrial_fire_candidate,other_uncertain,B_STRONG_WEAK_LABEL,independent_industrial_reference,PERSISTENT,6.32,342.33,16,12,1.5474149,0.88607925,0.84413534,3.72628,1.8464484178793727,0.1819368340922479,0.0227860987492453,0.7952770671585068
FW25_00555270,industrial_fire_candidate,other_uncertain,B_STRONG_WEAK_LABEL,independent_industrial_reference,EPISODIC,1.4,306.59,2,2,0.39729837,0.16844381,1.4177408,1.4076967,1.0993358050277335,0.1919631224099526,0.0055133303987138,0.8025235471913336
FW25_00553558,industrial_fire_candidate,other_uncertain,B_STRONG_WEAK_LABEL,independent_industrial_reference,RECURRENT,3.28,305.67,5,2,0.8156243,0.355254,1.5280194,0.43359143,1.1128320073822886,0.1942439217567749,0.0381611199835972,0.7675949582596278
FW25_00635049,industrial_fire_candidate,other_uncertain,B_STRONG_WEAK_LABEL,independent_industrial_reference,PERSISTENT,1.25,306.02,91,25,0.9864426,1.3942804,1.2666206,2.6152973,1.567930156569188,0.2078055792728238,0.0021681688805529,0.7900262518466231
FW25_00375863,industrial_fire_candidate,other_uncertain,B_STRONG_WEAK_LABEL,independent_industrial_reference,PERSISTENT,7.91,318.51,73,24,0.3744734,1.5872369,1.5418136,2.4121923,1.5432031032900617,0.2224849222630397,0.005657509093722,0.7718575686432382
FW25_00599320,industrial_fire_candidate,other_uncertain,B_HIGH_CONFIDENCE_WEAK_LABEL,independent_industrial_reference,RECURRENT,0.67,296.93,4,4,0.25326273,40.977737,0.48623696,2.2087455,0.28922859138465246,0.2287043154721289,0.0519472421643618,0.7193484423635094
FW25_00643167,industrial_fire_candidate,other_uncertain,B_STRONG_WEAK_LABEL,independent_industrial_reference,PERSISTENT,1.0,304.18,104,25,1.2332457,1.4302255,1.1442633,2.9586525,1.5351173378240721,0.2306589258169597,0.0025133202173218,0.7668277539657185
FW25_00062935,industrial_fire_candidate,other_uncertain,B_HIGH_CONFIDENCE_WEAK_LABEL,independent_industrial_reference,EPISODIC,1.21,302.43,1,1,0.15792139,17.756697,0.58952737,6.208519,0.24849909421264108,0.2339691193690228,0.028173195878208,0.7378576847527691
FW25_00599319,industrial_fire_candidate,other_uncertain,B_HIGH_CONFIDENCE_WEAK_LABEL,independent_industrial_reference,RECURRENT,1.69,305.3,4,4,0.14118874,40.776096,0.26991558,2.3701315,0.15673437283905586,0.2372910887249426,0.0353285360385731,0.7273803752364842
FW25_00379058,industrial_fire_candidate,other_uncertain,B_HIGH_CONFIDENCE_WEAK_LABEL,independent_industrial_reference,PERSISTENT,1.47,304.63,33,19,0.18043658,0.13059779,0.35550746,8.328147,0.23740341195147338,0.2418239843109582,0.0055212482681238,0.752654767420918
FW25_00083329,industrial_fire_candidate,other_uncertain,B_HIGH_CONFIDENCE_WEAK_LABEL,independent_industrial_reference,EPISODIC,4.13,344.75,0,0,0.6380157,0.85269105,0.8945805,0.30737343,0.8624217087075722,0.2432078075249361,0.2703837051777569,0.4864084872973069
FW25_00001286,industrial_fire_candidate,other_uncertain,B_STRONG_WEAK_LABEL,independent_industrial_reference,PERSISTENT,1.69,309.09,66,24,0.34944338,1.5652809,1.465766,2.6098964,1.4989215200790773,0.2450772670226239,0.0049854371314664,0.7499372958459096
FW25_00612026,industrial_fire_candidate,other_uncertain,B_HIGH_CONFIDENCE_WEAK_LABEL,independent_industrial_reference,RECURRENT,17.37,345.35,7,2,0.38914785,0.3884499,0.2424085,0.1558163,0.7973248701914697,0.2491249198627915,0.0724901928534191,0.6783848872837893
FW25_00578857,industrial_fire_candidate,other_uncertain,B_HIGH_CONFIDENCE_WEAK_LABEL,independent_industrial_reference,PERSISTENT,1.38,302.49,60,22,1.1530116,0.96705896,1.7244474,0.706113,0.9369418481298405,0.2604965994494297,0.0185549666853778,0.7209484338651924
FW25_00416888,industrial_fire_candidate,other_uncertain,B_HIGH_CONFIDENCE_WEAK_LABEL,independent_industrial_reference,EPISODIC,1.13,311.2,2,1,0.5374882,10.620291,0.5184613,9.02143,0.011923009028738267,0.2668230717707225,0.046134042380102,0.6870428858491753
FW25_00579308,industrial_fire_candidate,other_uncertain,B_STRONG_WEAK_LABEL,independent_industrial_reference,PERSISTENT,1.13,310.89,9,5,0.10945355,0.89942366,1.6867293,2.3433883,1.905375505234388,0.2682137388910015,0.0106847192278226,0.7211015418811759
FW25_00518610,industrial_fire_candidate,other_uncertain,B_STRONG_WEAK_LABEL,independent_industrial_reference,RECURRENT,1.19,309.5,5,3,1.2369361,1.0086149,1.7324358,0.6632131,1.0406489198988487,0.2816458164775718,0.0882944743429774,0.6300597091794508
FW25_00506517,industrial_fire_candidate,other_uncertain,B_HIGH_CONFIDENCE_WEAK_LABEL,independent_industrial_reference,EPISODIC,2.8,327.06,1,1,0.41107914,0.6488967,1.612049,2.230786,0.4673576735418092,0.2866704690785208,0.0189544155679765,0.6943751153535027
FW25_00512142,industrial_fire_candidate,other_uncertain,B_HIGH_CONFIDENCE_WEAK_LABEL,independent_industrial_reference,PERSISTENT,1.66,312.14,9,9,0.16831134,17.34708,0.22476201,2.8922076,0.6435114350634865,0.2887502615898057,0.0280595391650481,0.6831901992451461
FW25_00287817,industrial_fire_candidate,other_uncertain,B_STRONG_WEAK_LABEL,independent_industrial_reference,PERSISTENT,4.17,318.34,96,29,0.79039466,1.1117755,1.1850822,2.520957,1.4124118908430678,0.307153579049743,0.0013993089294963,0.6914471120207605
FW25_00027511,industrial_fire_candidate,other_uncertain,B_HIGH_CONFIDENCE_WEAK_LABEL,independent_industrial_reference,PERSISTENT,5.1,337.79,69,24,0.745624,0.14928323,1.1128176,1.7729152,0.7698673431156275,0.3111678894174903,0.0006875946669757,0.6881445159155338
FW25_00078961,industrial_fire_candidate,other_uncertain,B_STRONG_WEAK_LABEL,independent_industrial_reference,PERSISTENT,1.21,304.6,50,24,1.1939557,1.0215889,1.7585242,0.7020962,1.0069424389512662,0.320611244048694,0.0253702540352218,0.6540185019160841
FW25_00553510,industrial_fire_candidate,other_uncertain,B_STRONG_WEAK_LABEL,independent_industrial_reference,PERSISTENT,2.12,304.06,34,12,0.8692776,0.91899437,1.4752225,2.2535653,1.701721145028038,0.3221751369440683,0.0025022382094108,0.6753226248465208
FW25_00520044,industrial_fire_candidate,other_uncertain,B_HIGH_CONFIDENCE_WEAK_LABEL,independent_industrial_reference,PERSISTENT,0.59,305.56,7,5,0.14225566,0.530302,0.52037966,1.5917609,0.5406609980340392,0.3238806989646609,0.004301236386392,0.671818064648947
FW25_00378710,industrial_fire_candidate,other_uncertain,B_HIGH_CONFIDENCE_WEAK_LABEL,independent_industrial_reference,PERSISTENT,1.51,304.59,36,20,0.19670026,0.26612797,0.045751825,8.006257,0.1771920147194252,0.3260899118722065,0.0050184663345072,0.6688916217932862
FW25_00090268,industrial_fire_candidate,other_uncertain,B_HIGH_CONFIDENCE_WEAK_LABEL,independent_industrial_reference,RECURRENT,1.08,303.6,4,4,0.3827181,44.317074,0.5057645,0.7400225,0.21530774586408047,0.3382210236794936,0.0861616458481448,0.5756173304723615
FW25_00093466,industrial_fire_candidate,other_uncertain,B_HIGH_CONFIDENCE_WEAK_LABEL,independent_industrial_reference,PERSISTENT,1.8,301.62,33,18,0.5332586,0.66953474,0.5727592,1.7115784,0.7299304311011827,0.3587431284181877,0.0036793973683668,0.6375774742134456
FW25_00515088,industrial_fire_candidate,other_uncertain,B_HIGH_CONFIDENCE_WEAK_LABEL,independent_industrial_reference,EPISODIC,0.65,302.34,1,1,0.20540103,0.61953336,0.57064974,1.4037818,0.6306074131698791,0.3604496697377458,0.0240724028343027,0.6154779274279514
FW25_00030724,industrial_fire_candidate,other_uncertain,B_HIGH_CONFIDENCE_WEAK_LABEL,independent_industrial_reference,EPISODIC,1.76,340.33,0,0,0.36881986,0.8699815,0.8658389,0.8853804,0.8970150381565496,0.3624449343611649,0.06319595454597,0.574359111092865
FW25_00514155,industrial_fire_candidate,other_uncertain,B_STRONG_WEAK_LABEL,independent_industrial_reference,RECURRENT,3.68,300.89,4,4,1.5206947,1.6429148,1.1580883,4.702316,1.1716133510302837,0.364982857344842,0.080346921553559,0.5546702211015989
FW25_00317738,industrial_fire_candidate,other_uncertain,B_STRONG_WEAK_LABEL,independent_industrial_reference,PERSISTENT,3.23,310.53,63,23,0.78834033,1.1176823,1.4792713,2.3433871,1.7267113454285214,0.3657809913061087,0.0025529113082521,0.6316660973856392
FW25_00562454,industrial_fire_candidate,other_uncertain,B_STRONG_WEAK_LABEL,independent_industrial_reference,EPISODIC,4.27,332.32,0,0,1.4957167,1.1650602,1.1318662,8.818561,1.2704707103416477,0.3671793557477731,0.1795396123150698,0.453281031937157
FW25_00644491,industrial_fire_candidate,other_uncertain,B_STRONG_WEAK_LABEL,independent_industrial_reference,PERSISTENT,1.32,303.35,12,8,0.87210906,1.0095317,0.81679034,1.8282328,1.0590591586031786,0.3684723615042056,0.0063334932886571,0.6251941452071372
FW25_00544826,industrial_fire_candidate,other_uncertain,B_STRONG_WEAK_LABEL,independent_industrial_reference,PERSISTENT,4.15,307.74,42,14,0.108959585,1.2095437,1.1602161,2.6791565,1.1597097400575604,0.381299691398572,0.002159363656767,0.616540944944661
FW25_00514931,industrial_fire_candidate,other_uncertain,B_STRONG_WEAK_LABEL,independent_industrial_reference,RECURRENT,0.71,305.28,8,4,0.3439242,1.5294056,1.4588487,2.5303545,1.4744967393294277,0.3890892784302511,0.0084792988315123,0.6024314227382366
FW25_00599339,industrial_fire_candidate,other_uncertain,B_STRONG_WEAK_LABEL,independent_industrial_reference,EPISODIC,0.69,298.15,2,2,0.21548097,0.2962078,0.77528924,2.6376047,1.7107807075161996,0.3922350387436491,0.0156675190049221,0.5920974422514288
FW25_00520265,industrial_fire_candidate,other_uncertain,B_HIGH_CONFIDENCE_WEAK_LABEL,independent_industrial_reference,RECURRENT,1.05,305.4,5,4,0.09389779,17.485529,0.3623751,2.7303572,0.6506927155951999,0.3926829882263521,0.0241999335156657,0.5831170782579822
FW25_00090811,industrial_fire_candidate,other_uncertain,B_HIGH_CONFIDENCE_WEAK_LABEL,independent_industrial_reference,PERSISTENT,1.43,312.17,39,26,0.56738096,0.12855546,0.47796756,7.7146745,0.5131152057033452,0.3960679410120943,0.0023579339518767,0.6015741250360289
FW25_00595957,industrial_fire_candidate,other_uncertain,B_HIGH_CONFIDENCE_WEAK_LABEL,independent_industrial_reference,PERSISTENT,1.02,299.24,49,22,0.277139,0.27150613,0.37037793,8.336742,0.3291226233102275,0.3965558688213749,0.0067296877009081,0.596714443477717
FW25_00518178,industrial_fire_candidate,other_uncertain,B_HIGH_CONFIDENCE_WEAK_LABEL,independent_industrial_reference,RECURRENT,0.78,297.49,4,2,0.2957781,0.57075185,1.4775378,1.5485312,0.37853140872589386,0.3992562590933355,0.0088342204515653,0.5919095204550991
FW25_00079038,industrial_fire_candidate,other_uncertain,B_HIGH_CONFIDENCE_WEAK_LABEL,independent_industrial_reference,PERSISTENT,1.32,309.33,6,5,0.39755324,1.7835491,0.4681293,6.2046824,0.15918302129053025,0.4021643428292266,0.0113189329990126,0.5865167241717606
FW25_00614273,industrial_fire_candidate,other_uncertain,B_STRONG_WEAK_LABEL,independent_industrial_reference,RECURRENT,0.72,301.13,6,3,0.5395637,11.6396475,1.5388336,10.012368,1.0322963900786923,0.4056375581397496,0.0234261646210117,0.5709362772392386
FW25_00476590,industrial_fire_candidate,other_uncertain,B_HIGH_CONFIDENCE_WEAK_LABEL,independent_industrial_reference,EPISODIC,2.04,332.12,1,1,0.2816461,0.5688466,0.5524592,2.7613933,0.3575173352883441,0.4121131434476182,0.0407840185219625,0.5471028380304193
FW25_00532628,industrial_fire_candidate,other_uncertain,B_HIGH_CONFIDENCE_WEAK_LABEL,independent_industrial_reference,PERSISTENT,1.35,302.56,6,6,0.42475438,4.900331,0.21272847,3.900645,0.877653875826779,0.4152169135177599,0.014959708600714,0.569823377881526
FW25_00612025,industrial_fire_candidate,other_uncertain,B_HIGH_CONFIDENCE_WEAK_LABEL,independent_industrial_reference,RECURRENT,6.53,344.8,8,3,0.38659117,0.69622433,0.16442649,0.43726915,0.34067651321519327,0.4160678247704272,0.0558927388299073,0.5280394363996654
FW25_00031832,industrial_fire_candidate,other_uncertain,B_STRONG_WEAK_LABEL,independent_industrial_reference,PERSISTENT,2.07,301.46,67,25,0.91532874,1.090969,1.3890507,2.3974373,1.6079433433270793,0.4184805824639058,0.0035791099490438,0.5779403075870503
FW25_00265282,industrial_fire_candidate,other_uncertain,B_STRONG_WEAK_LABEL,independent_industrial_reference,PERSISTENT,1.72,307.69,74,28,0.25133002,1.4270958,1.4461032,2.344362,1.4088643730551693,0.4223917271600329,0.0054149597611211,0.5721933130788459
FW25_00590784,industrial_fire_candidate,other_uncertain,B_HIGH_CONFIDENCE_WEAK_LABEL,independent_industrial_reference,RECURRENT,0.82,298.9,6,4,0.23575377,44.171913,0.55765724,0.8052426,0.1445217378729008,0.4262125566538277,0.0629297031099028,0.5108577402362695
FW25_00063222,industrial_fire_candidate,other_uncertain,B_STRONG_WEAK_LABEL,independent_industrial_reference,PERSISTENT,1.44,311.12,66,26,1.5399555,1.6613617,1.1890664,4.667317,1.2022112895424173,0.4266928120751592,0.0084044847094967,0.5649027032153441
FW25_00007135,industrial_fire_candidate,other_uncertain,B_HIGH_CONFIDENCE_WEAK_LABEL,independent_industrial_reference,PERSISTENT,1.12,308.03,41,20,0.3887178,0.03632137,0.44831145,7.9930954,0.3509194190989216,0.4288208310982654,0.0025713797373016,0.5686077891644329
FW25_00011939,industrial_fire_candidate,other_uncertain,B_STRONG_WEAK_LABEL,independent_industrial_reference,EPISODIC,3.17,334.75,0,0,1.3585438,1.1590136,0.56124073,7.7649283,1.2553430376974406,0.4342181004575829,0.0839130015760483,0.4818688979663687
FW25_00425295,industrial_fire_candidate,other_uncertain,B_STRONG_WEAK_LABEL,independent_industrial_reference,PERSISTENT,1.74,313.54,12,9,1.0421212,0.4741923,0.42402497,0.7929226,1.6193905231555643,0.4365369551174038,0.0398053933310778,0.5236576515515183
FW25_00637205,industrial_fire_candidate,other_uncertain,B_STRONG_WEAK_LABEL,independent_industrial_reference,PERSISTENT,2.34,310.55,124,29,1.0236055,0.5843305,0.81186026,2.7687008,1.9280409552934685,0.4390688014848048,0.0032060242684888,0.5577251742467062
FW25_00608984,industrial_fire_candidate,other_uncertain,B_HIGH_CONFIDENCE_WEAK_LABEL,independent_industrial_reference,PERSISTENT,1.39,326.11,69,27,0.15470405,0.22826776,0.3475476,0.858484,0.7915317354924262,0.4435172294222514,0.0071139982258995,0.5493687723518491
FW25_00548614,industrial_fire_candidate,other_uncertain,B_HIGH_CONFIDENCE_WEAK_LABEL,independent_industrial_reference,RECURRENT,1.0,300.81,3,2,0.47057042,44.81867,0.19312482,0.19058387,0.562023913300395,0.4476171133615265,0.0869876906693224,0.465395195969151
FW25_00627068,industrial_fire_candidate,other_uncertain,B_STRONG_WEAK_LABEL,independent_industrial_reference,PERSISTENT,0.9,299.15,21,16,0.7249926,1.1636357,0.6190108,6.2549744,1.847675713205969,0.4531695814141709,0.0028764943975808,0.5439539241882482
FW25_00641349,industrial_fire_candidate,other_uncertain,B_STRONG_WEAK_LABEL,independent_industrial_reference,PERSISTENT,0.85,296.54,9,7,1.0566509,1.1928412,0.9363595,1.978235,1.23463150867884,0.4553731818033333,0.017456056037413,0.5271707621592536
FW25_00104558,industrial_fire_candidate,other_uncertain,B_STRONG_WEAK_LABEL,independent_industrial_reference,PERSISTENT,2.24,321.83,101,30,0.29107738,1.3801348,1.2823559,2.7023847,1.3126957616363937,0.4612033551125299,0.0051947715499213,0.5336018733375487
FW25_00013686,industrial_fire_candidate,other_uncertain,B_HIGH_CONFIDENCE_WEAK_LABEL,independent_industrial_reference,EPISODIC,0.91,298.33,2,2,0.45791113,0.4196749,0.08650516,2.2671947,0.43667036308597135,0.4632639544531871,0.0101935120245914,0.5265425335222214
FW25_00467445,industrial_fire_candidate,other_uncertain,B_STRONG_WEAK_LABEL,independent_industrial_reference,PERSISTENT,5.5,341.29,55,19,0.3609089,1.1795679,1.057827,2.9102323,1.108005160291333,0.4641360939587382,0.0021235886070163,0.5337403174342454
FW25_00506980,industrial_fire_candidate,other_uncertain,B_STRONG_WEAK_LABEL,independent_industrial_reference,PERSISTENT,0.68,308.05,7,5,0.6405976,1.6016752,0.5208709,3.3653018,1.7263755022225733,0.4666853547838206,0.0128555264897204,0.520459118726459
FW25_00180949,industrial_fire_candidate,other_uncertain,B_HIGH_CONFIDENCE_WEAK_LABEL,independent_industrial_reference,PERSISTENT,2.05,305.5,45,29,0.23950502,0.3346134,0.1119033,6.542919,0.3859559360695448,0.4675428038578291,0.0020424375859148,0.5304147585562561
FW25_00039108,industrial_fire_candidate,other_uncertain,B_STRONG_WEAK_LABEL,independent_industrial_reference,PERSISTENT,6.86,343.38,106,30,0.3288106,1.3595225,1.2486694,2.7631059,1.2888931940168207,0.4811133982621663,0.0016519405180606,0.5172346612197729
FW25_00510936,industrial_fire_candidate,other_uncertain,B_HIGH_CONFIDENCE_WEAK_LABEL,independent_industrial_reference,RECURRENT,1.32,313.5,4,1,0.116950974,0.23999652,0.111082695,1.9439695,0.2775718758020211,0.4829753197374031,0.0067375406581946,0.5102871396044023
FW25_00590902,industrial_fire_candidate,other_uncertain,B_STRONG_WEAK_LABEL,independent_industrial_reference,PERSISTENT,1.85,305.66,89,26,1.2756661,1.3674495,1.2439768,4.771328,1.2450337811132959,0.4905421405154589,0.0030146208379673,0.5064432386465737
