observation_id,source_class,label_quality,label_source,label_conflict_industrial_vs_vegetation,temporal_status,detections_30d,distinct_active_days_30d,frp,brightness,distance_to_strong_industrial_km,distance_to_supporting_industrial_km,distance_to_infrastructure_km,distance_to_vegetation_km,strong_industrial_vs_vegetation_distance_km,strong_industrial_within_1_0km,strong_industrial_within_1_5km,supporting_industrial_within_1_0km,supporting_industrial_within_1_5km,independent_industrial_distance_km,industrial_reference_le_1km,industrial_reference_le_2km,actual_class,raw_prob_industrial,raw_prob_natural,raw_prob_other,calibrated_prob_industrial,calibrated_prob_natural,calibrated_prob_other,raw_predicted_class,calibrated_predicted_class
FW25_00435186,natural_vegetation_fire,B_STRONG_WEAK_LABEL,esa_worldcover_2021,False,EPISODIC,0,0,7.47,338.4,12.0369425,0.7336883,5.6810346,3.4221058,-8.614837,0,0,1,1,68.07334797183312,False,False,natural_vegetation_fire,0.0054773146594127,0.8812292274892524,0.1132934578513349,0.0012682751325399,0.931451119953552,0.0672806049139076,natural_vegetation_fire,natural_vegetation_fire
FW25_00070178,natural_vegetation_fire,B_STRONG_WEAK_LABEL,esa_worldcover_2021,False,EPISODIC,0,0,9.64,354.51,5.6321898,0.58136207,7.772514,2.524041,-3.1081488,0,0,1,1,61.60192213268996,False,False,natural_vegetation_fire,0.0061003762304483,0.9058788367663368,0.0880207870032149,0.0012736909474846,0.9473067502735166,0.0514195587789987,natural_vegetation_fire,natural_vegetation_fire
FW25_00494468,natural_vegetation_fire,B_STRONG_WEAK_LABEL,esa_worldcover_2021,False,EPISODIC,0,0,18.87,341.12,7.3673525,0.38985556,7.190348,1.4512804,-5.916072,0,0,1,1,15.913989162622673,False,False,natural_vegetation_fire,0.0062820239411629,0.9117690785178052,0.0819488975410319,0.0012765763991616,0.9510230854057384,0.0477003381950997,natural_vegetation_fire,natural_vegetation_fire
FW25_00392777,natural_vegetation_fire,B_STRONG_WEAK_LABEL,esa_worldcover_2021,False,EPISODIC,0,0,4.76,335.36,9.099668,0.11923285,8.031539,1.2165153,-7.883152,0,0,1,1,32.32752445377461,False,False,natural_vegetation_fire,0.0062333016195272,0.8873363326850658,0.106430365695407,0.0013509453112187,0.9357676806666166,0.0628813740221645,natural_vegetation_fire,natural_vegetation_fire
FW25_00190842,natural_vegetation_fire,B_STRONG_WEAK_LABEL,esa_worldcover_2021,False,EPISODIC,0,0,6.91,342.29,16.137466,0.904684,8.918399,2.5880108,-13.549456,0,0,1,1,49.72173560393512,False,False,natural_vegetation_fire,0.0079211129247947,0.9327472660460924,0.0593316210291129,0.0013818704305294,0.964491778555799,0.0341263510136715,natural_vegetation_fire,natural_vegetation_fire
FW25_00248821,natural_vegetation_fire,B_STRONG_WEAK_LABEL,esa_worldcover_2021,False,EPISODIC,0,0,6.61,345.0,27.70877,0.9964453,3.3112438,14.433497,-13.275273,0,0,1,1,75.4302830145854,False,False,natural_vegetation_fire,0.0063555568011545,0.8524180966376643,0.1412263465611811,0.0014813624613167,0.9130478111985286,0.0854708263401547,natural_vegetation_fire,natural_vegetation_fire
FW25_00082095,natural_vegetation_fire,B_STRONG_WEAK_LABEL,esa_worldcover_2021,False,EPISODIC,0,0,3.14,344.27,11.62487,0.45816207,6.583357,3.5262141,-8.098656,0,0,1,1,33.85431267254152,False,False,natural_vegetation_fire,0.0068419720917035,0.8414932271217171,0.1516648007865793,0.0015864664120811,0.9059365965278686,0.0924769370600501,natural_vegetation_fire,natural_vegetation_fire
FW25_00334710,natural_vegetation_fire,B_STRONG_WEAK_LABEL,esa_worldcover_2021,False,EPISODIC,0,0,2.25,333.02,2.6917665,0.42132324,6.1485043,2.9872172,0.2954507,0,0,1,1,36.72768899547113,False,False,natural_vegetation_fire,0.0072377164793248,0.8334804370882077,0.1592818464324672,0.0016700919109303,0.9006629279452087,0.0976669801438609,natural_vegetation_fire,natural_vegetation_fire
FW25_00162146,natural_vegetation_fire,B_STRONG_WEAK_LABEL,esa_worldcover_2021,False,EPISODIC,0,0,7.81,352.39,18.45229,0.21082859,4.092737,11.140039,-7.31225,0,0,1,1,71.8467473982636,False,False,natural_vegetation_fire,0.0086713681411218,0.8716053049831428,0.1197233268757352,0.0017095072274716,0.9269794071044812,0.071311085668047,natural_vegetation_fire,natural_vegetation_fire
FW25_00390703,natural_vegetation_fire,B_STRONG_WEAK_LABEL,esa_worldcover_2021,False,EPISODIC,0,0,3.23,313.97,10.111792,0.2801562,5.168455,1.4456445,-8.666147,0,0,1,1,41.79458243077052,False,False,natural_vegetation_fire,0.0084047529577921,0.8343343586846659,0.1572608883575418,0.0018241310798232,0.901914320413717,0.0962615485064597,natural_vegetation_fire,natural_vegetation_fire
FW25_00239702,natural_vegetation_fire,B_STRONG_WEAK_LABEL,esa_worldcover_2021,False,EPISODIC,0,0,9.22,367.0,16.967505,0.8498239,3.5096488,7.2825994,-9.684905,0,0,1,1,31.742354834430152,False,False,natural_vegetation_fire,0.0095967344462496,0.8618066856852848,0.1285965798684655,0.0018583692053362,0.9210662343538162,0.0770753964408475,natural_vegetation_fire,natural_vegetation_fire
FW25_00597059,natural_vegetation_fire,B_STRONG_WEAK_LABEL,esa_worldcover_2021,False,EPISODIC,0,0,5.54,329.34,15.533226,0.18972002,17.495506,5.90752,-9.625706,0,0,1,1,90.03544281530098,False,False,natural_vegetation_fire,0.0064708874313452,0.7483480399540955,0.2451810726145593,0.0018663759079775,0.8370106588977789,0.1611229651942435,natural_vegetation_fire,natural_vegetation_fire
FW25_00604318,natural_vegetation_fire,B_STRONG_WEAK_LABEL,esa_worldcover_2021,False,EPISODIC,0,0,3.26,336.88,3.4108598,0.9626209,10.408135,0.95594233,-2.4549174,0,0,1,1,71.46392195618725,False,False,natural_vegetation_fire,0.0092594341734867,0.7836410902312652,0.2070994755952482,0.0021544474757704,0.8659872154826119,0.1318583370416175,natural_vegetation_fire,natural_vegetation_fire
FW25_00117748,natural_vegetation_fire,B_STRONG_WEAK_LABEL,esa_worldcover_2021,False,EPISODIC,0,0,12.05,346.27,20.317009,0.98001593,4.9359145,11.552395,-8.764614,0,0,1,1,33.09145664293187,False,False,natural_vegetation_fire,0.0143558030319237,0.8813000388251535,0.1043441581429226,0.0022596692863646,0.9361292031741156,0.0616111275395197,natural_vegetation_fire,natural_vegetation_fire
FW25_00094389,natural_vegetation_fire,B_STRONG_WEAK_LABEL,esa_worldcover_2021,False,EPISODIC,0,0,1.89,323.56,11.303176,0.105662294,4.8288336,1.1774292,-10.125747,0,0,1,1,26.13722075416177,False,False,natural_vegetation_fire,0.0144582683428989,0.8079940252779342,0.1775477063791669,0.002678070979766,0.8866898790345109,0.1106320499857231,natural_vegetation_fire,natural_vegetation_fire
FW25_00508660,other_uncertain,C_AMBIGUOUS,insufficient_or_conflicting_evidence,False,EPISODIC,0,0,6.54,351.98,7.338761,0.24243522,4.1251254,11.347363,4.0086026,0,0,1,1,79.34998549142664,False,False,other_uncertain,0.0084349436777688,0.6196833698976948,0.3718816864245364,0.0028556799520455,0.7245463596648803,0.2725979603830741,natural_vegetation_fire,natural_vegetation_fire
FW25_00520074,natural_vegetation_fire,B_STRONG_WEAK_LABEL,esa_worldcover_2021,False,EPISODIC,0,0,10.26,352.5,4.6923223,0.22445776,5.1668053,4.3799047,-0.3124175,0,0,1,1,49.85479408059145,False,False,natural_vegetation_fire,0.0088938020063575,0.6339235333564875,0.3571826646371549,0.0028633329242225,0.7386268792296923,0.2585097878460852,natural_vegetation_fire,natural_vegetation_fire
FW25_00442407,natural_vegetation_fire,B_STRONG_WEAK_LABEL,esa_worldcover_2021,False,EPISODIC,0,0,7.91,334.57,9.027749,0.9565085,2.129416,2.4397502,-6.587999,0,0,1,1,73.33485774246589,False,False,natural_vegetation_fire,0.0160149230817294,0.8044823154210836,0.1795027614971869,0.0028700902917762,0.8849899105713159,0.1121399991369078,natural_vegetation_fire,natural_vegetation_fire
FW25_00059889,natural_vegetation_fire,B_STRONG_WEAK_LABEL,esa_worldcover_2021,False,EPISODIC,0,0,1.87,330.13,21.50391,0.8962893,6.417175,23.63748,2.1335697,0,0,1,1,60.81306976363566,False,False,natural_vegetation_fire,0.0121036550178843,0.7104626876519248,0.2774336573301909,0.0029485912152413,0.8094531395737964,0.1875982692109621,natural_vegetation_fire,natural_vegetation_fire
FW25_00412367,natural_vegetation_fire,B_STRONG_WEAK_LABEL,esa_worldcover_2021,False,EPISODIC,0,0,3.44,367.0,9.878076,0.7940278,8.155503,7.1440015,-2.734074,0,0,1,1,100.04945766361455,False,False,natural_vegetation_fire,0.0192297174043305,0.840125427735997,0.1406448548596724,0.0029632873836344,0.9115599676737156,0.0854767449426501,natural_vegetation_fire,natural_vegetation_fire
FW25_00505731,natural_vegetation_fire,B_STRONG_WEAK_LABEL,esa_worldcover_2021,False,EPISODIC,0,0,10.99,345.74,4.405523,0.31875572,7.0014734,10.345504,5.939981,0,0,1,1,18.752209776352093,False,False,natural_vegetation_fire,0.0123767607078259,0.7137998672950078,0.2738233719971664,0.0029682945700128,0.8124200460798914,0.1846116593500957,natural_vegetation_fire,natural_vegetation_fire
FW25_00088328,natural_vegetation_fire,B_STRONG_WEAK_LABEL,esa_worldcover_2021,False,EPISODIC,0,0,5.14,337.02,5.4099274,0.85499644,8.384749,6.088421,0.6784935,0,0,1,1,29.20772594099912,False,False,natural_vegetation_fire,0.0121715794114441,0.6949748236612531,0.2928535969273028,0.0030546133918997,0.7962558854068359,0.2006895012012643,natural_vegetation_fire,natural_vegetation_fire
FW25_00514865,natural_vegetation_fire,B_STRONG_WEAK_LABEL,esa_worldcover_2021,False,EPISODIC,0,0,1.82,334.87,7.1347933,0.7051922,6.01975,5.240563,-1.8942304,0,0,1,1,104.1817922981825,False,False,natural_vegetation_fire,0.009116440192914,0.6086826976371897,0.3822008621698962,0.0030632289233934,0.7141611131427076,0.282775657933899,natural_vegetation_fire,natural_vegetation_fire
FW25_00208735,natural_vegetation_fire,B_STRONG_WEAK_LABEL,esa_worldcover_2021,False,EPISODIC,0,0,11.67,349.15,0.9067408,0.79336697,16.26217,5.002781,4.0960402,1,1,1,1,36.251680005521344,False,False,natural_vegetation_fire,0.0236080000755997,0.8746469448679413,0.101745055056459,0.0030888966261649,0.9365191516088206,0.0603919517650146,natural_vegetation_fire,natural_vegetation_fire
FW25_00508669,other_uncertain,C_AMBIGUOUS,insufficient_or_conflicting_evidence,False,EPISODIC,0,0,6.54,346.01,7.1062865,0.1593221,3.8891902,11.044691,3.9384046,0,0,1,1,79.52149457167859,False,False,other_uncertain,0.0098178023747511,0.6203825558326357,0.3697996417926131,0.0031274242699359,0.7261516522874046,0.2707209234426593,natural_vegetation_fire,natural_vegetation_fire
FW25_00506569,natural_vegetation_fire,B_STRONG_WEAK_LABEL,esa_worldcover_2021,False,EPISODIC,0,0,7.3,336.78,15.226335,0.32809463,2.798842,15.818529,0.59219456,0,0,1,1,37.20756116537352,False,False,natural_vegetation_fire,0.0093754455830789,0.5906234737273381,0.4000010806895829,0.003235853947125,0.6961280791353265,0.3006360669175486,natural_vegetation_fire,natural_vegetation_fire
FW25_00353818,natural_vegetation_fire,B_STRONG_WEAK_LABEL,esa_worldcover_2021,False,EPISODIC,0,0,3.7,332.12,14.200156,0.42334858,4.0510116,5.1512794,-9.048877,0,0,1,1,145.51650384259938,False,False,natural_vegetation_fire,0.0198276486108308,0.801726405204763,0.1784459461844063,0.0032843645981604,0.8849925684616035,0.111723066940236,natural_vegetation_fire,natural_vegetation_fire
FW25_00567742,natural_vegetation_fire,B_STRONG_WEAK_LABEL,esa_worldcover_2021,False,EPISODIC,0,0,2.76,332.82,1.8374581,0.2997407,2.849804,1.7691995,-0.06825864,0,0,1,1,79.21415565870358,False,False,natural_vegetation_fire,0.0095289287890704,0.5853316771620918,0.4051393940488377,0.0033045348943027,0.6908005624935926,0.3058949026121047,natural_vegetation_fire,natural_vegetation_fire
FW25_00498925,natural_vegetation_fire,B_STRONG_WEAK_LABEL,esa_worldcover_2021,False,EPISODIC,0,0,7.35,342.36,2.2848332,0.73930734,2.3172324,1.1044278,-1.1804054,0,0,1,1,104.18034741618601,False,False,natural_vegetation_fire,0.0125279611211426,0.656495402907107,0.3309766359717504,0.0033657441537024,0.7620934106558194,0.2345408451904781,natural_vegetation_fire,natural_vegetation_fire
FW25_00069942,natural_vegetation_fire,B_STRONG_WEAK_LABEL,esa_worldcover_2021,False,EPISODIC,0,0,58.98,354.34,0.30365098,0.17498143,10.852086,6.1547794,5.8511286,1,1,1,1,76.95721492993654,False,False,natural_vegetation_fire,0.0189208422313381,0.7706970758241108,0.2103820819445511,0.0034108527774182,0.8615072798325237,0.1350818673900579,natural_vegetation_fire,natural_vegetation_fire
FW25_00345498,natural_vegetation_fire,B_STRONG_WEAK_LABEL,esa_worldcover_2021,False,EPISODIC,0,0,0.87,307.3,12.306979,0.8764707,3.8363094,3.2077703,-9.099209,0,0,1,1,52.03900499784657,False,False,natural_vegetation_fire,0.0163353696608694,0.7273169064187811,0.2563477239203496,0.0034160712695805,0.8258519309453336,0.1707319977850858,natural_vegetation_fire,natural_vegetation_fire
FW25_00614625,natural_vegetation_fire,B_STRONG_WEAK_LABEL,esa_worldcover_2021,False,EPISODIC,0,0,1.34,330.32,9.658226,0.10326658,3.390777,10.7103615,1.0521355,0,0,1,1,52.92780826976958,False,False,natural_vegetation_fire,0.0144861229863183,0.6892265349864292,0.2962873420272525,0.003436038896345,0.7925961172567172,0.2039678438469377,natural_vegetation_fire,natural_vegetation_fire
FW25_00039924,natural_vegetation_fire,B_STRONG_WEAK_LABEL,esa_worldcover_2021,False,EPISODIC,0,0,1.98,327.57,6.9857936,0.64455,12.143512,15.13917,8.153376,0,0,1,1,147.97630198769977,False,False,natural_vegetation_fire,0.0241692548710309,0.8264830066853558,0.1493477384436133,0.0035051101260296,0.9047281539517612,0.0917667359222091,natural_vegetation_fire,natural_vegetation_fire
FW25_00618399,natural_vegetation_fire,B_STRONG_WEAK_LABEL,esa_worldcover_2021,False,EPISODIC,0,0,2.57,335.35,0.7523028,0.7931643,25.870968,1.6370169,0.88471407,1,1,1,1,71.69596980370305,False,False,natural_vegetation_fire,0.0137042631077916,0.6617180565757315,0.3245776803164769,0.0035164694307932,0.7675765773056672,0.2289069532635396,natural_vegetation_fire,natural_vegetation_fire
FW25_00061338,natural_vegetation_fire,B_STRONG_WEAK_LABEL,esa_worldcover_2021,False,EPISODIC,0,0,2.46,338.18,18.514284,0.41825557,5.380443,15.078161,-3.436123,0,0,1,1,32.767099604167306,False,False,natural_vegetation_fire,0.0224215602856761,0.7906776711858952,0.1869007685284287,0.0036226011880428,0.8782836654532461,0.118093733358711,natural_vegetation_fire,natural_vegetation_fire
FW25_00291473,natural_vegetation_fire,B_STRONG_WEAK_LABEL,esa_worldcover_2021,False,EPISODIC,0,0,7.2,347.29,0.6757197,0.8522793,8.210294,1.0340016,0.3582819,1,1,1,1,50.48143583668938,False,False,natural_vegetation_fire,0.0273203549490434,0.83966773586076,0.1330119091901964,0.0036615707344939,0.9153526879045304,0.0809857413609759,natural_vegetation_fire,natural_vegetation_fire
FW25_00192269,natural_vegetation_fire,B_STRONG_WEAK_LABEL,esa_worldcover_2021,False,EPISODIC,0,0,2.59,334.92,2.2034535,0.28810847,3.1992285,0.5383887,-1.6650648,0,0,1,1,35.29102498142197,False,False,natural_vegetation_fire,0.0217320700204928,0.7604772998324955,0.2177906301470117,0.003790308749382,0.8551430739566546,0.1410666172939634,natural_vegetation_fire,natural_vegetation_fire
FW25_00315548,natural_vegetation_fire,B_STRONG_WEAK_LABEL,esa_worldcover_2021,False,EPISODIC,0,0,8.29,344.66,0.57704973,0.5744535,4.964286,3.0872753,2.5102255,1,1,1,1,26.78195155878577,False,False,natural_vegetation_fire,0.0173017700555912,0.6911832225530481,0.2915150073913605,0.0038126952591317,0.7958759493907577,0.2003113553501105,natural_vegetation_fire,natural_vegetation_fire
FW25_00083288,natural_vegetation_fire,B_STRONG_WEAK_LABEL,esa_worldcover_2021,False,EPISODIC,0,0,8.55,350.01,3.4993436,0.18279985,2.3035264,4.1344304,0.6350868,0,0,1,1,17.536312455242662,False,False,natural_vegetation_fire,0.0164796823580804,0.6676478330741398,0.3158724845677798,0.0038864019421999,0.7745465918876843,0.2215670061701158,natural_vegetation_fire,natural_vegetation_fire
FW25_00248959,other_uncertain,C_AMBIGUOUS,insufficient_or_conflicting_evidence,False,EPISODIC,0,0,7.61,343.92,7.3452935,0.5896575,4.502825,17.759588,10.414295,0,0,1,1,48.98308824256155,False,False,other_uncertain,0.0182901070549256,0.6980806928327177,0.2836292001123567,0.0038878228907897,0.8023821403987673,0.1937300367104429,natural_vegetation_fire,natural_vegetation_fire
FW25_00018633,natural_vegetation_fire,B_STRONG_WEAK_LABEL,esa_worldcover_2021,False,EPISODIC,0,0,2.88,333.9,5.856896,0.78000635,6.047626,6.505841,0.64894485,0,0,1,1,104.85631970187245,False,False,natural_vegetation_fire,0.0135231855648231,0.6071634147147975,0.3793133997203793,0.0039075261817222,0.7154040890613054,0.2806883847569722,natural_vegetation_fire,natural_vegetation_fire
FW25_00030251,natural_vegetation_fire,B_STRONG_WEAK_LABEL,esa_worldcover_2021,False,EPISODIC,0,0,4.66,348.77,2.7060735,0.15521166,2.3140326,2.377004,-0.3290696,0,0,1,1,72.5351940904966,False,False,natural_vegetation_fire,0.0168401168800046,0.6694428049487071,0.3137170781712882,0.0039233404770225,0.7763683225826284,0.219708336940349,natural_vegetation_fire,natural_vegetation_fire
FW25_00539323,other_uncertain,C_AMBIGUOUS,insufficient_or_conflicting_evidence,False,EPISODIC,0,0,11.83,354.21,0.22773759,0.09717751,11.017975,5.12873,4.9009924,1,1,1,1,31.563116483407228,False,False,other_uncertain,0.0141280444660264,0.6172412456029476,0.3686307099310261,0.0039294862613756,0.7257183510367439,0.2703521627018804,natural_vegetation_fire,natural_vegetation_fire
FW25_00508618,other_uncertain,C_AMBIGUOUS,insufficient_or_conflicting_evidence,False,EPISODIC,0,0,8.64,342.07,11.239037,0.12046093,4.2664123,23.590685,12.351648,0,0,1,1,128.11353858631765,False,False,other_uncertain,0.0115662309657913,0.5561847742096268,0.432248994824582,0.0039555705857619,0.6614273580279216,0.3346170713863162,natural_vegetation_fire,natural_vegetation_fire
FW25_00502947,natural_vegetation_fire,B_STRONG_WEAK_LABEL,esa_worldcover_2021,False,EPISODIC,0,0,16.4,346.13,8.945485,0.112712234,2.5753367,11.744174,2.798689,0,0,1,1,75.53800624590134,False,False,natural_vegetation_fire,0.0181830195084802,0.6813839240805524,0.3004330564109673,0.0040105048371261,0.7877691281063641,0.2082203670565098,natural_vegetation_fire,natural_vegetation_fire
FW25_00345547,natural_vegetation_fire,B_STRONG_WEAK_LABEL,esa_worldcover_2021,False,EPISODIC,0,0,0.9,311.48,8.310184,0.1405427,6.7098746,6.6896453,-1.6205382,0,0,1,1,25.172610168606376,False,False,natural_vegetation_fire,0.0237978347925251,0.752389915097249,0.2238122501102259,0.0040738170750755,0.8499252498241787,0.1460009331007458,natural_vegetation_fire,natural_vegetation_fire
FW25_00315551,natural_vegetation_fire,B_STRONG_WEAK_LABEL,esa_worldcover_2021,False,EPISODIC,0,0,14.98,367.0,0.47573373,0.46501026,5.1602483,2.8507786,2.3750448,1,1,1,1,26.842430429776677,False,False,natural_vegetation_fire,0.0200467882032781,0.6767774171388878,0.303175794657834,0.0042972594614073,0.7846990686003974,0.2110036719381953,natural_vegetation_fire,natural_vegetation_fire
FW25_00602530,natural_vegetation_fire,B_STRONG_WEAK_LABEL,esa_worldcover_2021,False,EPISODIC,0,0,6.33,344.04,1.9709517,0.9333118,2.8184187,0.10401395,-1.8669378,0,0,1,1,9.247245882851864,False,False,natural_vegetation_fire,0.0197728675608132,0.672539134413883,0.3076879980253036,0.004299072042782,0.7807640316661753,0.2149368962910427,natural_vegetation_fire,natural_vegetation_fire
FW25_00477570,natural_vegetation_fire,B_STRONG_WEAK_LABEL,esa_worldcover_2021,False,EPISODIC,0,0,4.78,348.15,0.5732152,0.49781537,3.9275959,1.0911965,0.51798135,1,1,1,1,54.29898337623543,False,False,natural_vegetation_fire,0.0159026018602034,0.6043377641885214,0.3797596339512751,0.0043396475296183,0.7139633163229795,0.2816970361474022,natural_vegetation_fire,natural_vegetation_fire
FW25_00040564,natural_vegetation_fire,B_STRONG_WEAK_LABEL,esa_worldcover_2021,False,EPISODIC,0,0,16.45,322.56,7.803564,0.68944305,3.2825186,5.0758057,-2.7277584,0,0,1,1,39.28736992575314,False,False,natural_vegetation_fire,0.0199834320719056,0.6676733145643258,0.3123432533637686,0.004370977115328,0.7764986835256431,0.2191303393590288,natural_vegetation_fire,natural_vegetation_fire
FW25_00539552,natural_vegetation_fire,B_STRONG_WEAK_LABEL,esa_worldcover_2021,False,EPISODIC,0,0,1.9,329.2,12.817333,0.90754735,13.756558,25.407104,12.589771,0,0,1,1,33.808710113516064,False,False,natural_vegetation_fire,0.019437029609696,0.6439382546462356,0.3366247157440683,0.0045155265952226,0.7543308894765606,0.2411535839282169,natural_vegetation_fire,natural_vegetation_fire
FW25_00458245,natural_vegetation_fire,B_STRONG_WEAK_LABEL,esa_worldcover_2021,False,EPISODIC,0,0,16.92,345.45,0.70030195,0.7250268,4.592335,1.1268331,0.42653114,1,1,1,1,39.813909091532025,False,False,natural_vegetation_fire,0.0346594534732933,0.7891257672012544,0.1762147793254521,0.0047294028782368,0.8834278143787059,0.1118427827430574,natural_vegetation_fire,natural_vegetation_fire
FW25_00334785,natural_vegetation_fire,B_STRONG_WEAK_LABEL,esa_worldcover_2021,False,EPISODIC,0,0,11.83,350.34,0.67133415,0.8508691,13.314353,20.24504,19.573708,1,1,1,1,18.183124844057218,False,False,natural_vegetation_fire,0.03226586074992,0.7676835519073744,0.2000505873427057,0.0047438726264989,0.8661369806002215,0.1291191467732795,natural_vegetation_fire,natural_vegetation_fire
FW25_00482650,natural_vegetation_fire,B_STRONG_WEAK_LABEL,esa_worldcover_2021,False,EPISODIC,0,0,4.51,335.73,2.428249,0.16481549,6.3855453,6.668775,4.240526,0,0,1,1,95.39955010721671,False,False,natural_vegetation_fire,0.0226332412610152,0.6634001664176771,0.3139665923213076,0.0047585502083064,0.7740515394350864,0.2211899103566071,natural_vegetation_fire,natural_vegetation_fire
FW25_00503452,natural_vegetation_fire,B_STRONG_WEAK_LABEL,esa_worldcover_2021,False,EPISODIC,0,0,1.81,335.02,0.9323489,0.98511785,5.066978,1.5760655,0.64371663,1,1,1,1,29.31891092797891,False,False,natural_vegetation_fire,0.0229660240654078,0.6516010650762329,0.3254329108583592,0.0049210271913001,0.7633898251561221,0.2316891476525779,natural_vegetation_fire,natural_vegetation_fire
FW25_00488462,natural_vegetation_fire,B_STRONG_WEAK_LABEL,esa_worldcover_2021,False,EPISODIC,0,0,5.34,341.09,0.96017325,0.9420929,5.0361834,0.9168005,-0.04337275,1,1,1,1,49.92450583849252,False,False,natural_vegetation_fire,0.0371151682351374,0.788961995754526,0.1739228360103365,0.0049308905169845,0.8845655652890878,0.1105035441939275,natural_vegetation_fire,natural_vegetation_fire
FW25_00565126,natural_vegetation_fire,B_STRONG_WEAK_LABEL,esa_worldcover_2021,False,EPISODIC,0,0,6.71,344.0,0.58255154,0.57016236,3.2814603,1.4416078,0.8590563,1,1,1,1,141.2650207102418,False,False,natural_vegetation_fire,0.0201136220191193,0.6040966968265019,0.3757896811543786,0.00501291258529,0.7160609203362475,0.2789261670784626,natural_vegetation_fire,natural_vegetation_fire
FW25_00441094,natural_vegetation_fire,B_STRONG_WEAK_LABEL,esa_worldcover_2021,False,EPISODIC,0,0,45.97,349.05,0.636184,0.6453478,8.205959,4.420361,3.784177,1,1,1,1,43.05126858132729,False,False,natural_vegetation_fire,0.0461084153587472,0.8346941243231284,0.1191974603181244,0.0050604474307979,0.9215334390418162,0.0734061135273858,natural_vegetation_fire,natural_vegetation_fire
FW25_00530639,natural_vegetation_fire,B_STRONG_WEAK_LABEL,esa_worldcover_2021,False,EPISODIC,0,0,3.38,331.88,5.8082714,0.30598205,2.5135033,5.718569,-0.089702606,0,0,1,1,41.64665923159711,False,False,natural_vegetation_fire,0.0118522484977295,0.4439397441219114,0.544208007380359,0.0051345750992568,0.5312438603496156,0.4636215645511276,other_uncertain,natural_vegetation_fire
FW25_00629518,natural_vegetation_fire,B_STRONG_WEAK_LABEL,esa_worldcover_2021,False,EPISODIC,0,0,5.06,339.01,6.4794836,0.45937634,4.221733,16.278498,9.799014,0,0,1,1,33.561716899170335,False,False,natural_vegetation_fire,0.0134055563045153,0.4759550736706087,0.510639370024876,0.0051537546399737,0.5712659785104555,0.4235802668495708,other_uncertain,natural_vegetation_fire
FW25_00541245,natural_vegetation_fire,B_STRONG_WEAK_LABEL,esa_worldcover_2021,False,EPISODIC,0,0,1.72,333.09,0.4499441,0.45922711,11.758487,0.72227466,0.27233055,1,1,1,1,43.38350372844713,False,False,natural_vegetation_fire,0.0316391798466034,0.6508281720470226,0.3175326481063739,0.0059988234521425,0.7672347340577641,0.2267664424900934,natural_vegetation_fire,natural_vegetation_fire
FW25_00269434,natural_vegetation_fire,B_STRONG_WEAK_LABEL,esa_worldcover_2021,False,EPISODIC,0,0,2.43,341.38,7.973724,0.057691228,2.7370656,17.231243,9.257519,0,0,1,1,130.1173963139145,False,False,natural_vegetation_fire,0.031868759596374,0.6407440193014554,0.3273872211021704,0.0061549942514147,0.7579095003081103,0.2359355054404749,natural_vegetation_fire,natural_vegetation_fire
FW25_00479088,natural_vegetation_fire,B_STRONG_WEAK_LABEL,esa_worldcover_2021,False,EPISODIC,0,0,7.02,337.26,0.29937,0.20532146,4.627109,6.6852374,6.3858676,1,1,1,1,49.81870295175426,False,False,natural_vegetation_fire,0.0222009057646051,0.5305197505597083,0.4472793436756866,0.0062335432905913,0.6392641808725171,0.3545022758368916,natural_vegetation_fire,natural_vegetation_fire
FW25_00473384,natural_vegetation_fire,B_STRONG_WEAK_LABEL,esa_worldcover_2021,False,EPISODIC,0,0,3.94,336.94,0.44244662,0.39152274,4.4773865,4.992432,4.5499854,1,1,1,1,52.633121199425815,False,False,natural_vegetation_fire,0.0293886860719986,0.5928770124129225,0.377734301515079,0.0064804107008022,0.7096333349407318,0.283886254358466,natural_vegetation_fire,natural_vegetation_fire
FW25_00484252,natural_vegetation_fire,B_STRONG_WEAK_LABEL,esa_worldcover_2021,False,EPISODIC,0,0,2.38,334.26,0.37369788,0.38922447,5.5653815,6.567745,6.1940475,1,1,1,1,62.9779447195138,False,False,natural_vegetation_fire,0.0260496255751594,0.5529295423901504,0.4210208320346903,0.0065534339044673,0.6659193029893603,0.3275272631061723,natural_vegetation_fire,natural_vegetation_fire
FW25_00042947,natural_vegetation_fire,B_STRONG_WEAK_LABEL,esa_worldcover_2021,False,EPISODIC,0,0,2.7,328.48,0.49317387,0.56144696,5.883981,1.4210356,0.9278618,1,1,1,1,167.85175404220172,False,False,natural_vegetation_fire,0.0423437738264531,0.6833661499916284,0.2742900761819185,0.0066997434276464,0.8022009631072787,0.1910992934650747,natural_vegetation_fire,natural_vegetation_fire
FW25_00085145,natural_vegetation_fire,B_STRONG_WEAK_LABEL,esa_worldcover_2021,False,EPISODIC,0,0,8.68,346.88,2.2410104,0.5998023,2.0776823,1.0208206,-1.2201898,0,0,1,1,25.850865359761965,False,False,natural_vegetation_fire,0.0383341097041539,0.6317091597825384,0.3299567305133077,0.0070303807915982,0.7526513112250189,0.2403183079833828,natural_vegetation_fire,natural_vegetation_fire
FW25_00031173,natural_vegetation_fire,B_STRONG_WEAK_LABEL,esa_worldcover_2021,False,EPISODIC,0,0,5.74,330.16,0.8150781,0.8138894,3.036387,0.95898175,0.14390367,1,1,1,1,77.45613493156671,False,False,natural_vegetation_fire,0.033902177586274,0.5956492707276475,0.3704485516860784,0.0070361745032835,0.7147770384161151,0.2781867870806014,natural_vegetation_fire,natural_vegetation_fire
FW25_00465148,other_uncertain,C_AMBIGUOUS,insufficient_or_conflicting_evidence,False,EPISODIC,0,0,13.33,340.87,0.11191682,0.093323685,4.1034346,12.292288,12.180371,1,1,1,1,45.03935115655029,False,False,other_uncertain,0.0320249275416018,0.5674372248593301,0.400537847599068,0.0072160028246847,0.6845285178742775,0.3082554793010377,natural_vegetation_fire,natural_vegetation_fire
FW25_00425112,natural_vegetation_fire,B_STRONG_WEAK_LABEL,esa_worldcover_2021,False,EPISODIC,0,0,0.73,310.95,2.8453815,0.59498227,2.7292697,3.6150877,0.76970625,0,0,1,1,86.18233343599374,False,False,natural_vegetation_fire,0.021472607030097,0.4459340828066996,0.5325933101632033,0.0073680615875927,0.5387878847736569,0.4538440536387503,other_uncertain,natural_vegetation_fire
FW25_00365944,natural_vegetation_fire,B_STRONG_WEAK_LABEL,esa_worldcover_2021,False,EPISODIC,0,0,1.65,311.76,7.408417,0.5872967,5.0288496,23.97082,16.562403,0,0,1,1,41.907649379168056,False,False,natural_vegetation_fire,0.0456961009962018,0.6589335255091898,0.2953703734946083,0.0073961265050884,0.7819779353458832,0.2106259381490283,natural_vegetation_fire,natural_vegetation_fire
FW25_00194776,natural_vegetation_fire,B_STRONG_WEAK_LABEL,esa_worldcover_2021,False,EPISODIC,0,0,2.76,330.39,0.8813787,0.8818555,13.275347,5.919515,5.0381365,1,1,1,1,25.840707730397117,False,False,natural_vegetation_fire,0.0562016546282514,0.7183040716141196,0.225494273757629,0.0074000611384145,0.8392386421370046,0.1533612967245806,natural_vegetation_fire,natural_vegetation_fire
FW25_00333604,natural_vegetation_fire,B_STRONG_WEAK_LABEL,esa_worldcover_2021,False,EPISODIC,0,0,2.75,333.64,0.30435237,0.3114398,9.597698,6.7200284,6.415676,1,1,1,1,14.361416084296794,False,False,natural_vegetation_fire,0.0477547429923182,0.6698052224104913,0.2824400345971904,0.0074263867637959,0.7929221798685536,0.1996514333676504,natural_vegetation_fire,natural_vegetation_fire
FW25_00606327,natural_vegetation_fire,B_STRONG_WEAK_LABEL,esa_worldcover_2021,False,EPISODIC,0,0,3.75,328.72,0.4603673,0.49178118,4.140443,4.777842,4.317475,1,1,1,1,95.96765605897745,False,False,natural_vegetation_fire,0.0354694386619196,0.5745429299538549,0.3899876313842254,0.0075705775994838,0.6937770064015697,0.2986524159989465,natural_vegetation_fire,natural_vegetation_fire
FW25_00044562,natural_vegetation_fire,B_STRONG_WEAK_LABEL,esa_worldcover_2021,False,EPISODIC,0,0,4.19,330.74,0.62271255,0.24372786,6.906938,5.85064,5.227927,1,1,1,1,81.62922847950749,False,False,natural_vegetation_fire,0.050380487029683,0.6699717101558499,0.2796478028144671,0.0076734849700382,0.7944287286241134,0.1978977864058483,natural_vegetation_fire,natural_vegetation_fire
FW25_00023030,natural_vegetation_fire,B_STRONG_WEAK_LABEL,esa_worldcover_2021,False,EPISODIC,0,0,3.85,334.93,3.6364672,0.33203432,3.2150915,7.800496,4.164029,0,0,1,1,12.727179978726749,False,False,natural_vegetation_fire,0.0283921177323969,0.4781716566498687,0.4934362256177343,0.0081446367401438,0.5816478799619693,0.4102074832978867,other_uncertain,natural_vegetation_fire
FW25_00646352,natural_vegetation_fire,B_STRONG_WEAK_LABEL,esa_worldcover_2021,False,EPISODIC,0,0,0.93,299.15,4.6824703,0.9342116,5.964055,2.0947528,-2.5877175,0,0,1,1,28.170263691870623,False,False,natural_vegetation_fire,0.0347166134602227,0.5318476842838148,0.4334357022559624,0.0081951090660482,0.6470869430750812,0.3447179478588705,natural_vegetation_fire,natural_vegetation_fire
FW25_00569101,other_uncertain,C_AMBIGUOUS,insufficient_or_conflicting_evidence,False,EPISODIC,0,0,3.78,335.51,3.0602624,0.91262454,0.6497839,1.8718598,-1.1884027,0,0,1,1,37.838969114134905,False,False,other_uncertain,0.0279354814890027,0.4685911565065536,0.5034733620044437,0.0082384442606946,0.5698364244307019,0.4219251313086035,other_uncertain,natural_vegetation_fire
FW25_00018808,natural_vegetation_fire,B_STRONG_WEAK_LABEL,esa_worldcover_2021,False,EPISODIC,0,0,3.01,325.38,0.6239172,0.64023805,2.915625,0.13001674,-0.49390048,1,1,1,1,33.13363548921695,False,False,natural_vegetation_fire,0.0522887955967933,0.6419803879928643,0.3057308164103424,0.0083368076657665,0.769595273769515,0.2220679185647184,natural_vegetation_fire,natural_vegetation_fire
FW25_00056854,other_uncertain,C_AMBIGUOUS,insufficient_or_conflicting_evidence,False,EPISODIC,0,0,4.84,331.11,0.5292329,0.4753299,5.6242723,9.677929,9.148696,1,1,1,1,36.81665429088317,False,False,other_uncertain,0.0697486933225301,0.7108519715869105,0.2193993350905593,0.0085902000376393,0.8401151600698824,0.1512946398924782,natural_vegetation_fire,natural_vegetation_fire
FW25_00530640,natural_vegetation_fire,B_STRONG_WEAK_LABEL,esa_worldcover_2021,False,EPISODIC,0,0,4.19,318.96,5.4372845,0.5895046,2.1086977,5.382164,-0.05512047,0,0,1,1,41.23181331763558,False,False,natural_vegetation_fire,0.0220886594006165,0.3818683644671045,0.596042976132279,0.0087067610175876,0.4563508767956216,0.5349423621867908,other_uncertain,other_uncertain
FW25_00348836,natural_vegetation_fire,B_STRONG_WEAK_LABEL,esa_worldcover_2021,False,EPISODIC,0,0,14.28,348.58,0.41367093,0.437903,4.9342937,2.8061526,2.3924816,1,1,1,1,93.52429872535589,False,False,natural_vegetation_fire,0.073683832961845,0.7168927306114211,0.2094234364267339,0.0087686852110977,0.8472472779849078,0.1439840368039942,natural_vegetation_fire,natural_vegetation_fire
FW25_00575662,natural_vegetation_fire,B_STRONG_WEAK_LABEL,esa_worldcover_2021,False,EPISODIC,0,0,1.53,340.95,2.1870055,0.15477097,2.4942663,4.901285,2.7142797,0,0,1,1,23.34747417537398,False,False,natural_vegetation_fire,0.0249694246113546,0.3861156655742906,0.5889149098143547,0.0093002934409164,0.4632589605139676,0.5274407460451159,other_uncertain,other_uncertain
FW25_00494329,natural_vegetation_fire,B_STRONG_WEAK_LABEL,esa_worldcover_2021,False,EPISODIC,0,0,5.4,336.59,0.55595666,0.6068046,2.4609256,2.2355766,1.67962,1,1,1,1,70.21596894771564,False,False,natural_vegetation_fire,0.0415716634256261,0.5023256273036661,0.4561027092707078,0.0097871023306245,0.6166317076947581,0.3735811899746174,natural_vegetation_fire,natural_vegetation_fire
FW25_00526432,other_uncertain,C_AMBIGUOUS,insufficient_or_conflicting_evidence,False,EPISODIC,0,0,1.49,336.22,0.4331349,0.1052995,4.236992,1.5138639,1.080729,1,1,1,1,20.041052932773773,False,False,other_uncertain,0.0287839487291263,0.3816815401963019,0.5895345110745718,0.0102697914872069,0.4589651670227127,0.5307650414900804,other_uncertain,other_uncertain
FW25_00522991,natural_vegetation_fire,B_STRONG_WEAK_LABEL,esa_worldcover_2021,False,EPISODIC,0,0,2.03,331.55,3.8619235,0.79964834,2.4944804,7.4230313,3.5611079,0,0,1,1,105.40412955199793,False,False,natural_vegetation_fire,0.0481603867158944,0.4787312794554297,0.4731083338286759,0.0113187198394301,0.5916425457156314,0.3970387344449385,natural_vegetation_fire,natural_vegetation_fire
FW25_00516401,natural_vegetation_fire,B_STRONG_WEAK_LABEL,esa_worldcover_2021,False,EPISODIC,0,0,11.2,344.1,2.6521761,0.32443848,2.4869175,13.255273,10.603097,0,0,1,1,21.843933754487782,False,False,natural_vegetation_fire,0.0321999678964329,0.3570508067982355,0.6107492253053316,0.0116962882548087,0.4270052800546857,0.5612984316905055,other_uncertain,other_uncertain
FW25_00117243,natural_vegetation_fire,B_STRONG_WEAK_LABEL,esa_worldcover_2021,False,EPISODIC,0,0,5.75,339.31,6.442103,0.4019201,1.2096574,4.459,-1.9831028,0,0,1,1,5.9821565806972785,False,False,natural_vegetation_fire,0.0844815111844429,0.5826351242346736,0.3328833645808834,0.0128298742033129,0.7271241136150888,0.2600460121815983,natural_vegetation_fire,natural_vegetation_fire
FW25_00061624,natural_vegetation_fire,B_STRONG_WEAK_LABEL,esa_worldcover_2021,False,EPISODIC,0,0,5.22,346.48,0.22596812,0.038926043,3.981788,6.738094,6.512126,1,1,1,1,117.33818606714792,False,False,natural_vegetation_fire,0.0616237537715634,0.4837029420920019,0.4546733041364347,0.0130853215252331,0.6039482794343448,0.3829663990404219,natural_vegetation_fire,natural_vegetation_fire
FW25_00462538,natural_vegetation_fire,B_STRONG_WEAK_LABEL,esa_worldcover_2021,False,EPISODIC,0,0,27.84,340.15,0.54548687,0.9411046,2.6767054,1.9111762,1.3656893,1,1,1,1,76.6068217819329,False,False,natural_vegetation_fire,0.0734055946925029,0.5129691776657342,0.4136252276417628,0.0136972100827222,0.6443709867740093,0.3419318031432682,natural_vegetation_fire,natural_vegetation_fire
FW25_00059316,other_uncertain,C_AMBIGUOUS,insufficient_or_conflicting_evidence,False,EPISODIC,0,0,13.31,353.07,0.23468983,0.11291745,3.2955933,15.735829,15.50114,1,1,1,1,22.943338188914062,False,False,other_uncertain,0.0473657397213397,0.3861747551913768,0.5664595050872834,0.0138966913705717,0.4725739283976832,0.5135293802317451,other_uncertain,other_uncertain
FW25_00536123,other_uncertain,C_AMBIGUOUS,insufficient_or_conflicting_evidence,False,EPISODIC,0,0,2.06,342.69,3.6729498,0.8814861,2.1421773,24.387178,20.71423,0,0,1,1,53.02621693486586,False,False,other_uncertain,0.0122986169845599,0.1143973569259644,0.8733040260894754,0.0139163752306218,0.0931581258331831,0.892925498936195,other_uncertain,other_uncertain
FW25_00563043,other_uncertain,C_AMBIGUOUS,insufficient_or_conflicting_evidence,False,EPISODIC,0,0,1.57,336.5,15.128572,0.9448569,0.47244725,16.501736,1.3731632,0,0,1,1,79.81153211127312,False,False,other_uncertain,0.0529961759731246,0.3845741629738098,0.5624296610530656,0.0149846753625173,0.4726712911046612,0.5123440335328214,other_uncertain,other_uncertain
FW25_00539948,other_uncertain,C_AMBIGUOUS,insufficient_or_conflicting_evidence,False,EPISODIC,0,0,26.38,356.92,1.0733374,0.5152443,2.287972,26.87195,25.798613,0,1,1,1,30.926399385659444,False,False,other_uncertain,0.0122708484425969,0.0981499095694688,0.8895792419879343,0.0151392565125055,0.0749113399686351,0.9099494035188592,other_uncertain,other_uncertain
FW25_00409063,other_uncertain,C_AMBIGUOUS,insufficient_or_conflicting_evidence,False,EPISODIC,0,0,33.82,326.89,2.3791687,0.9769826,2.2149847,1.1337743,-1.2453945,0,0,1,1,108.55453379137246,False,False,other_uncertain,0.0861269385073712,0.5079029504440542,0.4059701110485745,0.0153591886249572,0.6446461539703829,0.3399946574046597,natural_vegetation_fire,natural_vegetation_fire
FW25_00219106,natural_vegetation_fire,B_STRONG_WEAK_LABEL,esa_worldcover_2021,False,EPISODIC,0,0,3.72,335.08,0.5808049,0.57801765,2.7682135,3.4475641,2.8667593,1,1,1,1,123.8828538017619,False,False,natural_vegetation_fire,0.1214223124604582,0.5910994443226881,0.2874782432168536,0.0159073441603698,0.7556044065804375,0.2284882492591926,natural_vegetation_fire,natural_vegetation_fire
FW25_00544147,other_uncertain,C_AMBIGUOUS,insufficient_or_conflicting_evidence,False,EPISODIC,0,0,3.74,341.71,2.368448,0.9193535,1.5317934,4.2608104,1.8923624,0,0,1,1,3.2015610207362095,False,False,other_uncertain,0.0546544588488243,0.3356634616783409,0.6096820794728348,0.0172524239656912,0.4055720633221146,0.5771755127121941,other_uncertain,other_uncertain
FW25_00172298,natural_vegetation_fire,B_STRONG_WEAK_LABEL,esa_worldcover_2021,False,EPISODIC,0,0,1.32,335.84,0.5542758,0.630402,4.7361,3.9980493,3.4437735,1,1,1,1,62.14748456825725,False,False,natural_vegetation_fire,0.1448034756140454,0.5708372717150059,0.2843592526709486,0.0187096006508865,0.7469381891610045,0.2343522101881088,natural_vegetation_fire,natural_vegetation_fire
FW25_00337816,other_uncertain,C_AMBIGUOUS,insufficient_or_conflicting_evidence,False,EPISODIC,0,0,0.54,304.3,26.105225,0.056442134,0.21141927,20.181702,-5.923523,0,0,1,1,32.14869376800437,False,False,other_uncertain,0.0457060739061309,0.2599433669554881,0.694350559138381,0.0188370760998447,0.2944509464648397,0.6867119774353155,other_uncertain,other_uncertain
FW25_00523810,other_uncertain,C_AMBIGUOUS,insufficient_or_conflicting_evidence,False,EPISODIC,0,0,2.98,338.68,0.97164077,0.3644314,2.0029857,38.806892,37.83525,1,1,1,1,62.60509967252364,False,False,other_uncertain,0.0129388351931742,0.0597711897179488,0.9272899750888768,0.0204410423641379,0.0367222814165499,0.9428366762193122,other_uncertain,other_uncertain
FW25_00459338,natural_vegetation_fire,B_STRONG_WEAK_LABEL,esa_worldcover_2021,False,EPISODIC,0,0,8.99,335.95,1.3982524,0.7602907,2.7729619,19.507944,18.109692,0,1,1,1,87.53454351627327,False,False,natural_vegetation_fire,0.1739061546400817,0.5819445052500729,0.2441493401098452,0.0205971649282615,0.7756956437607719,0.2037071913109665,natural_vegetation_fire,natural_vegetation_fire
FW25_00367705,natural_vegetation_fire,B_STRONG_WEAK_LABEL,esa_worldcover_2021,False,EPISODIC,0,0,2.31,332.98,1.270082,0.63940555,2.2276313,5.6580334,4.3879514,0,1,1,1,23.7856954599641,False,False,natural_vegetation_fire,0.1473764731436195,0.514394557424091,0.3382289694322895,0.0215956268703843,0.6838573131529324,0.2945470599766832,natural_vegetation_fire,natural_vegetation_fire
FW25_00043846,natural_vegetation_fire,B_STRONG_WEAK_LABEL,esa_worldcover_2021,False,EPISODIC,0,0,1.0,323.76,4.205414,0.09505155,0.27756694,1.4643202,-2.7410936,0,0,1,1,29.605217037321182,False,False,natural_vegetation_fire,0.0623198424390989,0.28198130632409,0.6556988512368112,0.0216277667600752,0.3310184276731101,0.6473538055668145,other_uncertain,other_uncertain
FW25_00025433,natural_vegetation_fire,B_STRONG_WEAK_LABEL,esa_worldcover_2021,False,EPISODIC,0,0,1.82,337.34,0.124686815,0.22991236,3.220406,10.717918,10.593231,1,1,1,1,20.408739268251402,False,False,natural_vegetation_fire,0.0751436708963124,0.3109901014446635,0.6138662276590241,0.0226094514701366,0.3772460418614926,0.6001445066683706,other_uncertain,other_uncertain
FW25_00241551,natural_vegetation_fire,B_STRONG_WEAK_LABEL,esa_worldcover_2021,False,EPISODIC,0,0,4.45,341.98,4.1826453,0.9726769,1.6749139,12.438686,8.256041,0,0,1,1,29.18944066004191,False,False,natural_vegetation_fire,0.1348091061792899,0.4688206935522327,0.3963702002684774,0.0226348910518065,0.6208330142330151,0.3565320947151784,natural_vegetation_fire,natural_vegetation_fire
FW25_00063484,natural_vegetation_fire,B_STRONG_WEAK_LABEL,esa_worldcover_2021,False,EPISODIC,0,0,2.72,335.62,0.89531994,0.051577598,2.2139614,5.1978602,4.3025403,1,1,1,1,116.99388344093596,False,False,natural_vegetation_fire,0.1195898976177869,0.4324136548691559,0.4479964475130572,0.0227625190658675,0.5658292104737829,0.4114082704603496,other_uncertain,natural_vegetation_fire
FW25_00039172,natural_vegetation_fire,B_STRONG_WEAK_LABEL,esa_worldcover_2021,False,EPISODIC,0,0,8.82,338.39,5.2191076,0.3376391,1.8266164,10.996559,5.7774515,0,0,1,1,17.76307254614653,False,False,natural_vegetation_fire,0.1827659925671524,0.5361891504521897,0.2810448569806578,0.0237599062217478,0.7295325293192012,0.2467075644590509,natural_vegetation_fire,natural_vegetation_fire
FW25_00444032,natural_vegetation_fire,B_STRONG_WEAK_LABEL,esa_worldcover_2021,False,EPISODIC,0,0,7.84,344.6,3.7533188,0.56025213,1.1051973,2.8401306,-0.9131882,0,0,1,1,129.90036181362035,False,False,natural_vegetation_fire,0.1829195762926721,0.5007164099024034,0.3163640138049244,0.0258912639734815,0.6868139483704239,0.2872947876560945,natural_vegetation_fire,natural_vegetation_fire
FW25_00510889,natural_vegetation_fire,B_STRONG_WEAK_LABEL,esa_worldcover_2021,False,EPISODIC,0,0,0.94,308.96,0.29641163,0.5092582,10.844758,5.168852,4.8724403,1,1,1,1,58.75734002022589,False,False,natural_vegetation_fire,0.0716951317989565,0.2299661531271711,0.6983387150738722,0.0275157536280723,0.257476601103017,0.7150076452689107,other_uncertain,other_uncertain
FW25_00567750,natural_vegetation_fire,B_STRONG_WEAK_LABEL,esa_worldcover_2021,False,EPISODIC,0,0,2.12,333.06,3.8421664,0.3223212,1.3922526,10.128536,6.28637,0,0,1,1,90.15613048553178,False,False,natural_vegetation_fire,0.1046212334512303,0.2907171462846678,0.6046616202641019,0.0297751357691936,0.356894498546647,0.6133303656841593,other_uncertain,other_uncertain
FW25_00105143,other_uncertain,C_AMBIGUOUS,insufficient_or_conflicting_evidence,False,EPISODIC,0,0,2.73,336.59,2.2262683,0.35465905,0.8705563,0.38508838,-1.8411798,0,0,1,1,92.84067588927557,False,False,other_uncertain,0.1648291194594447,0.383014986459667,0.4521558940808883,0.0321300963411479,0.517929515045877,0.4499403886129751,other_uncertain,natural_vegetation_fire
FW25_00410794,other_uncertain,C_AMBIGUOUS,insufficient_or_conflicting_evidence,False,EPISODIC,0,0,4.8,331.46,0.31610343,0.9970883,2.0784507,2.9786725,2.662569,1,1,1,1,50.38971003756173,False,False,other_uncertain,0.22479101380884,0.4202612508458772,0.3549477353452828,0.0366961192946133,0.6024155297982262,0.3608883509071602,natural_vegetation_fire,natural_vegetation_fire
FW25_00063417,natural_vegetation_fire,B_STRONG_WEAK_LABEL,esa_worldcover_2021,False,EPISODIC,0,0,1.05,312.58,0.49145257,0.81171465,2.2069468,0.38197055,-0.10948202,1,1,1,1,41.022038804696045,False,False,natural_vegetation_fire,0.1509576527762848,0.2766555435939246,0.5723868036297904,0.0399868033000054,0.3503159394978184,0.6096972572021762,other_uncertain,other_uncertain
FW25_00571771,other_uncertain,C_AMBIGUOUS,insufficient_or_conflicting_evidence,False,EPISODIC,0,0,7.3,345.47,0.1726433,0.106347315,1.7333571,1.3185989,1.1459556,1,1,1,1,2.5461216286633697,False,False,other_uncertain,0.1611509045888789,0.1188883326940016,0.7199607627171195,0.0719384847225359,0.1123069515391132,0.8157545637383508,other_uncertain,other_uncertain
FW25_00515632,other_uncertain,C_AMBIGUOUS,insufficient_or_conflicting_evidence,False,EPISODIC,0,0,2.59,333.09,0.6635789,0.041662417,0.65523607,2.099283,1.435704,1,1,1,1,3.330901235290603,False,False,other_uncertain,0.1177511207396939,0.072154795895713,0.8100940833645929,0.0749603791669408,0.0522678308978726,0.8727717899351866,other_uncertain,other_uncertain
FW25_00537767,natural_vegetation_fire,B_STRONG_WEAK_LABEL,esa_worldcover_2021,False,EPISODIC,0,0,1.1,302.76,1.1298145,0.9600519,1.970351,2.9326186,1.8028041,0,1,1,1,25.2187204443352,False,False,natural_vegetation_fire,0.173695600789533,0.1210542283942581,0.7052501708162088,0.0752606648375952,0.1165954935622214,0.8081438416001833,other_uncertain,other_uncertain
FW25_00547896,other_uncertain,C_AMBIGUOUS,insufficient_or_conflicting_evidence,False,EPISODIC,0,0,4.3,349.06,0.48657507,0.38442045,0.67243826,31.592773,31.1062,1,1,1,1,77.39233824374631,False,False,other_uncertain,0.0308671215562142,0.0120227115827977,0.957110166860988,0.0787722241786688,0.0035442326046083,0.9176835432167229,other_uncertain,other_uncertain
FW25_00520930,industrial_fire_candidate,B_STRONG_WEAK_LABEL,independent_industrial_reference,False,EPISODIC,0,0,5.26,352.61,0.58439106,0.18196848,1.3122867,53.357746,52.773354,1,1,1,1,1.138691881966601,False,True,industrial_fire_candidate,0.0545009318900476,0.023717000721514,0.9217820673884384,0.0793904043870311,0.0097099328163811,0.9108996627965876,other_uncertain,other_uncertain
FW25_00102340,natural_vegetation_fire,B_STRONG_WEAK_LABEL,esa_worldcover_2021,False,EPISODIC,0,0,4.07,334.43,1.6090517,0.7373381,1.4811893,1.8919352,0.28288352,0,0,1,1,75.1240664947643,False,False,natural_vegetation_fire,0.3975131328909427,0.3057885671961514,0.2966982999129059,0.0812656029687641,0.5141217471347801,0.4046126498964558,industrial_fire_candidate,natural_vegetation_fire
FW25_00007108,other_uncertain,C_AMBIGUOUS,insufficient_or_conflicting_evidence,False,EPISODIC,0,0,1.43,312.08,1.6661205,0.066777594,0.66493213,0.50067693,-1.1654437,0,0,1,1,58.01743536022143,False,False,other_uncertain,0.2254637200605466,0.1499063620837523,0.6246299178557011,0.0815088826084025,0.1663005671449456,0.7521905502466518,other_uncertain,other_uncertain
FW25_00025514,natural_vegetation_fire,B_STRONG_WEAK_LABEL,esa_worldcover_2021,False,EPISODIC,0,0,3.63,331.04,1.3299462,0.7763956,0.38889804,0.56133145,-0.7686147,0,1,1,1,52.692347347168266,False,False,natural_vegetation_fire,0.3301965940095734,0.2316223217399685,0.4381810842504582,0.0853842422493444,0.3371241164019596,0.5774916413486959,other_uncertain,other_uncertain
FW25_00546530,other_uncertain,C_AMBIGUOUS,insufficient_or_conflicting_evidence,False,EPISODIC,0,0,6.95,337.7,0.50245297,0.39278904,1.4841682,1.5887774,1.0863245,1,1,1,1,12.382961298943492,False,False,other_uncertain,0.1717631476541172,0.0666886027798411,0.7615482495660416,0.101486484512232,0.0485402589172188,0.8499732565705491,other_uncertain,other_uncertain
FW25_00022859,natural_vegetation_fire,B_STRONG_WEAK_LABEL,esa_worldcover_2021,False,EPISODIC,0,0,0.61,296.86,1.0719746,0.77206284,7.4493265,5.8302097,4.758235,0,1,1,1,32.646233264421305,False,False,natural_vegetation_fire,0.3744466028105963,0.2041406741228822,0.4214127230665215,0.1051227116860085,0.301072971420761,0.5938043168932304,other_uncertain,other_uncertain
FW25_00464786,other_uncertain,C_AMBIGUOUS,insufficient_or_conflicting_evidence,False,EPISODIC,0,0,11.57,344.27,0.5688237,0.1085223,0.29209816,0.8987319,0.3299082,1,1,1,1,76.24777515640761,False,False,other_uncertain,0.2409070290343505,0.0959383748348895,0.6631545961307599,0.1093857350953545,0.0885013335476799,0.8021129313569656,other_uncertain,other_uncertain
FW25_00529854,natural_vegetation_fire,B_STRONG_WEAK_LABEL,esa_worldcover_2021,False,EPISODIC,0,0,1.48,333.03,0.45450097,0.82366765,0.50732744,37.098225,36.643723,1,1,1,1,50.20819650332291,False,False,natural_vegetation_fire,0.0980853917869534,0.022172692853826,0.8797419153592205,0.1180642400094661,0.0089148264691386,0.8730209335213952,other_uncertain,other_uncertain
FW25_00517050,natural_vegetation_fire,B_STRONG_WEAK_LABEL,esa_worldcover_2021,False,EPISODIC,0,0,2.61,316.41,0.19118549,0.25128552,0.5080052,1.4783363,1.2871509,1,1,1,1,18.17510580689925,False,False,natural_vegetation_fire,0.1097469781653539,0.0250820929863283,0.8651709288483177,0.1196270462742496,0.0107803728358019,0.8695925808899485,other_uncertain,other_uncertain
FW25_00090794,natural_vegetation_fire,B_STRONG_WEAK_LABEL,esa_worldcover_2021,False,EPISODIC,0,0,0.8,306.0,1.2612143,0.9822897,1.5646998,0.5740252,-0.68718904,0,1,1,1,70.29151187770474,False,False,natural_vegetation_fire,0.3385341909409062,0.1352126004562889,0.5262532086028049,0.1224140775183415,0.1620833816544153,0.7155025408272431,other_uncertain,other_uncertain
FW25_00464785,other_uncertain,C_AMBIGUOUS,insufficient_or_conflicting_evidence,False,EPISODIC,0,0,11.17,343.81,0.19195403,0.07457653,0.50662065,1.1356859,0.9437319,1,1,1,1,76.20973998289001,False,False,other_uncertain,0.2214489935955966,0.0552823987221768,0.7232686076822264,0.1338906529779552,0.0381503086303028,0.8279590383917418,other_uncertain,other_uncertain
FW25_00485210,natural_vegetation_fire,B_STRONG_WEAK_LABEL,esa_worldcover_2021,False,EPISODIC,0,0,1.55,337.68,0.6681459,0.63971233,1.6925683,3.2331212,2.5649753,1,1,1,1,54.03619820182947,False,False,natural_vegetation_fire,0.3935695266341752,0.1472144457819467,0.4592160275838781,0.1351935713104715,0.1957388473780281,0.6690675813115003,other_uncertain,other_uncertain
FW25_00017623,natural_vegetation_fire,B_STRONG_WEAK_LABEL,esa_worldcover_2021,False,EPISODIC,0,0,0.78,313.25,0.979839,0.1660193,1.7325863,0.70056844,-0.2792706,1,1,1,1,38.67319850187404,False,False,natural_vegetation_fire,0.4418853665190464,0.1793302903280949,0.3787843431528585,0.1359097470560236,0.2755827313781002,0.5885075215658762,industrial_fire_candidate,other_uncertain
FW25_00111607,natural_vegetation_fire,B_STRONG_WEAK_LABEL,esa_worldcover_2021,False,EPISODIC,0,0,3.29,340.92,0.9112127,0.7009473,1.2762597,2.0048752,1.0936625,1,1,1,1,16.264468638130673,False,False,natural_vegetation_fire,0.4897584253670184,0.181319967654789,0.3289216069781926,0.1518577848751164,0.2996382366760568,0.5485039784488268,industrial_fire_candidate,other_uncertain
FW25_00535853,other_uncertain,C_AMBIGUOUS,insufficient_or_conflicting_evidence,False,EPISODIC,0,0,12.57,355.75,0.7172579,0.017648937,0.2749262,13.70644,12.989182,1,1,1,1,41.1989401074559,False,False,other_uncertain,0.2281301337607582,0.0440749550898429,0.7277949111493989,0.151995432793597,0.0272045640150366,0.8208000031913664,other_uncertain,other_uncertain
FW25_00036227,other_uncertain,C_AMBIGUOUS,insufficient_or_conflicting_evidence,False,EPISODIC,0,0,0.43,299.0,0.22786748,0.3450916,0.3475805,1.266957,1.0390896,1,1,1,1,58.65404877682301,False,False,other_uncertain,0.2670575261932196,0.0542672152348118,0.6786752585719685,0.156114839079643,0.0385374385879676,0.8053477223323892,other_uncertain,other_uncertain
FW25_00535855,other_uncertain,C_AMBIGUOUS,insufficient_or_conflicting_evidence,False,EPISODIC,0,0,12.57,356.73,0.9301424,0.0063272095,0.693595,13.671494,12.741351,1,1,1,1,41.412817612412915,False,False,other_uncertain,0.2578388978329141,0.0472543795730492,0.6949067225940365,0.1616797087353809,0.030967522312451,0.807352768952168,other_uncertain,other_uncertain
FW25_00535863,other_uncertain,C_AMBIGUOUS,insufficient_or_conflicting_evidence,False,EPISODIC,0,0,12.66,356.73,1.2508168,0.00664665,0.73995787,14.063999,12.813183,0,1,1,1,41.75455654783663,False,False,other_uncertain,0.3091651474110156,0.0639896060464803,0.6268452465425041,0.1633560766246298,0.0514630771007347,0.7851808462746354,other_uncertain,other_uncertain
FW25_00112384,natural_vegetation_fire,B_STRONG_WEAK_LABEL,esa_worldcover_2021,False,EPISODIC,0,0,0.49,303.34,0.14244734,0.7261536,1.0192938,1.308809,1.1663617,1,1,1,1,37.143584041421626,False,False,natural_vegetation_fire,0.2770683628710402,0.0509126447900659,0.6720189923388938,0.1654827375083974,0.0352651026013238,0.7992521598902785,other_uncertain,other_uncertain
FW25_00515179,industrial_fire_candidate,B_HIGH_CONFIDENCE_WEAK_LABEL,independent_industrial_reference,False,EPISODIC,0,0,2.49,332.41,0.8172699,0.42759842,0.92471987,3.315682,2.4984121,1,1,1,1,0.8514493508298904,True,True,industrial_fire_candidate,0.4584425398791628,0.1335000343816863,0.4080574257391508,0.1679882970940065,0.1849689999338568,0.6470427029721366,industrial_fire_candidate,other_uncertain
FW25_00032440,natural_vegetation_fire,B_STRONG_WEAK_LABEL,esa_worldcover_2021,False,EPISODIC,0,0,19.38,342.72,1.3017054,0.99740446,1.2114576,0.29984897,-1.0018563,0,1,1,1,10.978459113827025,False,False,natural_vegetation_fire,0.5820296570755829,0.2092925915006367,0.2086777514237805,0.1720119822331141,0.4231344108169336,0.4048536069499522,industrial_fire_candidate,natural_vegetation_fire
FW25_00525608,other_uncertain,C_AMBIGUOUS,insufficient_or_conflicting_evidence,False,EPISODIC,0,0,15.04,338.57,0.31212026,0.8279987,0.97916836,2.716044,2.4039237,1,1,1,1,79.90437716932905,False,False,other_uncertain,0.3181512077144576,0.0401204715275101,0.6417283207580322,0.2054601067917031,0.0252987556121792,0.7692411375961177,other_uncertain,other_uncertain
FW25_00463753,natural_vegetation_fire,B_STRONG_WEAK_LABEL,esa_worldcover_2021,False,EPISODIC,0,0,13.15,367.0,0.56812865,0.6359511,1.3757352,0.7231135,0.15498483,1,1,1,1,41.2363795691198,False,False,natural_vegetation_fire,0.5470147425961736,0.1358574434935417,0.3171278139102847,0.2064616131946326,0.2165088202672029,0.5770295665381644,industrial_fire_candidate,other_uncertain
FW25_00408655,natural_vegetation_fire,B_STRONG_WEAK_LABEL,esa_worldcover_2021,False,EPISODIC,0,0,3.2,331.22,0.1949776,0.85022455,1.574269,1.656853,1.4618753,1,1,1,1,28.97423770939278,False,False,natural_vegetation_fire,0.4621538304976742,0.0849700099985106,0.4528761595038151,0.211236986180426,0.0941102912673612,0.6946527225522127,industrial_fire_candidate,other_uncertain
FW25_00105217,other_uncertain,C_AMBIGUOUS,insufficient_or_conflicting_evidence,False,EPISODIC,0,0,6.49,346.46,1.0970922,0.9904928,0.8126633,0.64299464,-0.4540975,0,1,1,1,57.59547644584992,False,False,other_uncertain,0.621503788464826,0.174691971425794,0.2038042401093799,0.2142567789881936,0.3556020584755856,0.4301411625362206,industrial_fire_candidate,other_uncertain
FW25_00083329,industrial_fire_candidate,B_HIGH_CONFIDENCE_WEAK_LABEL,independent_industrial_reference,False,EPISODIC,0,0,4.13,344.75,0.6380157,0.85269105,0.8945805,0.30737343,-0.33064225,1,1,1,1,0.8624217087075722,True,True,industrial_fire_candidate,0.6262019520815957,0.1436878189886826,0.2301102289297216,0.2432078075249361,0.2703837051777569,0.4864084872973069,industrial_fire_candidate,other_uncertain
FW25_00353819,other_uncertain,C_AMBIGUOUS,insufficient_or_conflicting_evidence,False,EPISODIC,0,0,5.3,334.45,0.20324506,0.88192374,0.19077338,2.2418664,2.0386212,1,1,1,1,15.228513484874735,False,False,other_uncertain,0.5297471950730807,0.0878484463048189,0.3824043586221004,0.2439941224076327,0.1085903383766592,0.647415539215708,industrial_fire_candidate,other_uncertain
FW25_00059537,other_uncertain,C_AMBIGUOUS,insufficient_or_conflicting_evidence,False,EPISODIC,0,0,29.63,345.25,0.7686256,0.29957286,0.29134452,0.92351127,0.15488565,1,1,1,1,13.436429617224386,False,False,other_uncertain,0.5778679979662229,0.094901489458212,0.327230512575565,0.2641385972550873,0.1317657486889729,0.6040956540559398,industrial_fire_candidate,other_uncertain
FW25_00392356,other_uncertain,C_AMBIGUOUS,insufficient_or_conflicting_evidence,False,EPISODIC,0,0,5.19,331.24,0.2980749,0.88323665,0.85222614,1.6225373,1.3244624,1,1,1,1,33.89817027723016,False,False,other_uncertain,0.6171370063458104,0.0841979825744981,0.2986650110796914,0.3047191078625751,0.1163822075946317,0.5788986845427933,industrial_fire_candidate,other_uncertain
FW25_00495938,natural_vegetation_fire,B_STRONG_WEAK_LABEL,esa_worldcover_2021,False,EPISODIC,0,0,3.06,340.85,0.4158548,0.76167005,1.4356983,14.216415,13.800561,1,1,1,1,42.972494664200866,False,False,natural_vegetation_fire,0.5599207302205296,0.0540643916160934,0.386014878163377,0.3171388678909102,0.0523980571709258,0.630463074938164,industrial_fire_candidate,other_uncertain
FW25_00030724,industrial_fire_candidate,B_HIGH_CONFIDENCE_WEAK_LABEL,independent_industrial_reference,False,EPISODIC,0,0,1.76,340.33,0.36881986,0.8699815,0.8658389,0.8853804,0.51656055,1,1,1,1,0.8970150381565496,True,True,industrial_fire_candidate,0.6296855832669211,0.0570351883429566,0.3132792283901223,0.3624449343611649,0.06319595454597,0.574359111092865,industrial_fire_candidate,other_uncertain
FW25_00009341,other_uncertain,C_AMBIGUOUS,insufficient_or_conflicting_evidence,False,EPISODIC,0,0,0.54,300.32,0.1278578,0.5753232,0.12712364,7.073795,6.945937,1,1,1,1,66.84753823965205,False,False,other_uncertain,0.5130867410418111,0.0210571231169051,0.4658561358412838,0.3981349146716139,0.0106268135155902,0.5912382718127959,industrial_fire_candidate,other_uncertain
FW25_00091704,natural_vegetation_fire,B_STRONG_WEAK_LABEL,esa_worldcover_2021,False,EPISODIC,0,0,4.62,337.71,0.5776593,0.59745085,0.44893476,3.4461818,2.8685224,1,1,1,1,50.06032847349602,False,False,natural_vegetation_fire,0.7332932320580935,0.0790211922586755,0.1876855756832309,0.414147737700407,0.1312849059071814,0.4545673563924114,industrial_fire_candidate,other_uncertain
FW25_00596351,natural_vegetation_fire,B_STRONG_WEAK_LABEL,esa_worldcover_2021,False,EPISODIC,0,0,2.62,335.21,0.12641566,0.5112203,0.32271326,4.908587,4.7821712,1,1,1,1,157.67906631930592,False,False,natural_vegetation_fire,0.6967696022831398,0.0519469355418035,0.2512834621750566,0.4337575662962393,0.0603966986101268,0.5058457350936338,industrial_fire_candidate,other_uncertain
FW25_00337903,natural_vegetation_fire,B_STRONG_WEAK_LABEL,esa_worldcover_2021,False,EPISODIC,0,0,1.34,300.91,0.7879796,0.77484614,0.92375803,3.5651739,2.7771943,1,1,1,1,99.89987355689628,False,False,natural_vegetation_fire,0.682130439547859,0.0399253026368106,0.2779442578153303,0.4539965532168812,0.0377638797816031,0.5082395670015156,industrial_fire_candidate,other_uncertain
FW25_00512211,natural_vegetation_fire,B_STRONG_WEAK_LABEL,esa_worldcover_2021,False,EPISODIC,0,0,2.86,331.19,0.55510813,0.8833139,0.55770713,11.505664,10.950556,1,1,1,1,103.57250747211349,False,False,natural_vegetation_fire,0.697532880663074,0.0363772221919188,0.2660898971450072,0.4809830146746131,0.0329907623660732,0.4860262229593137,industrial_fire_candidate,other_uncertain
FW25_00068080,other_uncertain,C_AMBIGUOUS,insufficient_or_conflicting_evidence,False,EPISODIC,0,0,45.79,344.82,0.41119596,0.52163154,0.7120334,1.0294135,0.61821747,1,1,1,1,63.33201439724225,False,False,other_uncertain,0.7605422435800022,0.0457919176073393,0.1936658388126584,0.5190774960148723,0.0547666971335254,0.4261558068516023,industrial_fire_candidate,industrial_fire_candidate
FW25_00515401,other_uncertain,C_AMBIGUOUS,insufficient_or_conflicting_evidence,False,EPISODIC,0,0,2.97,314.43,0.5533378,0.34565014,0.998713,10.075407,9.522069,1,1,1,1,6.9142597661508125,False,False,other_uncertain,0.6691906964032112,0.0196517360856163,0.3111575675111724,0.5339863452680049,0.0109995085281895,0.4550141462038056,industrial_fire_candidate,industrial_fire_candidate
FW25_00518231,industrial_fire_candidate,B_HIGH_CONFIDENCE_WEAK_LABEL,independent_industrial_reference,False,EPISODIC,0,0,1.18,307.42,0.52483714,0.8120809,0.56183356,5.570005,5.045168,1,1,1,1,0.8567644398479267,True,True,industrial_fire_candidate,0.6524614596957954,0.0134883130506708,0.3340502272535338,0.5677804158001319,0.0056196561700285,0.4265999280298395,industrial_fire_candidate,industrial_fire_candidate
FW25_00516455,industrial_fire_candidate,B_STRONG_WEAK_LABEL,independent_industrial_reference,False,EPISODIC,0,0,1.62,307.67,0.12269486,0.39705196,1.1061288,6.452478,6.329783,1,1,1,1,1.0801636795697962,False,True,industrial_fire_candidate,0.6572664347581082,0.012670474090066,0.3300630911518257,0.5799844780263277,0.0050578841520152,0.4149576378216569,industrial_fire_candidate,industrial_fire_candidate
FW25_00397768,industrial_fire_candidate,B_HIGH_CONFIDENCE_WEAK_LABEL,independent_industrial_reference,True,EPISODIC,0,0,16.51,352.53,0.9250869,0.8531034,0.8088021,5.1893473,4.2642603,1,1,1,1,0.9452620209678837,True,True,industrial_fire_candidate,0.8710301067620774,0.0526772234474937,0.0762926697904289,0.6671063568325063,0.0931030452084398,0.2397905979590537,industrial_fire_candidate,industrial_fire_candidate
FW25_00030405,industrial_fire_candidate,B_STRONG_WEAK_LABEL,independent_industrial_reference,True,EPISODIC,0,0,18.89,333.77,1.0539179,0.97422826,1.030227,7.5301113,6.4761934,0,1,1,1,1.0715914832546023,False,True,industrial_fire_candidate,0.8668784698537262,0.0300577884559162,0.1030637416903576,0.7186156671991738,0.0323843780550906,0.2489999547457355,industrial_fire_candidate,industrial_fire_candidate
FW25_00060867,industrial_fire_candidate,B_HIGH_CONFIDENCE_WEAK_LABEL,independent_industrial_reference,False,EPISODIC,0,0,20.59,331.55,0.50829947,0.53060716,1.2734505,16.254944,15.746644,1,1,1,1,0.9502536096021813,True,True,industrial_fire_candidate,0.8666520619806543,0.0255890745310642,0.1077588634882815,0.7336808689254777,0.0239816808322373,0.2423374502422848,industrial_fire_candidate,industrial_fire_candidate
FW25_00060865,industrial_fire_candidate,B_HIGH_CONFIDENCE_WEAK_LABEL,independent_industrial_reference,False,EPISODIC,0,0,13.04,331.5,0.8332894,0.60094106,1.0725733,15.873577,15.040288,1,1,1,1,0.8636099449341091,True,True,industrial_fire_candidate,0.8902697454600859,0.0230517628525861,0.0866784916873281,0.7810723746375526,0.0208602251486704,0.1980674002137767,industrial_fire_candidate,industrial_fire_candidate
FW25_00089486,other_uncertain,C_AMBIGUOUS,insufficient_or_conflicting_evidence,False,EPISODIC,0,0,8.26,338.43,0.555551,0.4228266,0.766555,7.4592237,6.9036727,1,1,1,1,3.030016518899348,False,False,other_uncertain,0.9195695299655072,0.0189143067095963,0.0615161633248965,0.8449180817841201,0.015463305504508,0.1396186127113717,industrial_fire_candidate,industrial_fire_candidate
