observation_id,audit_group,acquired_at,latitude,longitude,brightness,frp,detections_3d,detections_7d,detections_10d,detections_30d,distinct_active_days_30d,distance_to_strong_industrial_km,nearest_strong_industrial_category,nearest_strong_industrial_strength,distance_to_vegetation_km,nearest_vegetation_category,nearest_vegetation_strength,osm_context_relation
FW_00023974,industrial_no_prior,2022-02-04 07:54:00,23.82599,77.8979,343.35,2.85,0,0,0,0,0,0.20245849,industrial_landuse,3,19.429108,scrub,3,strong_industrial_context
FW_00017732,industrial_no_prior,2022-01-29 08:06:00,22.33206,74.71008,336.32,2.28,0,0,0,0,0,0.3591311,power_plant,3,5.0522413,grassland,3,strong_industrial_context
FW_01214501,industrial_no_prior,2024-02-10 07:52:00,15.97538,76.43916,338.26,3.88,0,0,0,0,0,2.9989126,mining,3,11.812573,forest_woodland,3,strong_industrial_context
FW_01191335,industrial_no_prior,2024-01-19 08:05:00,17.69634,75.50822,347.61,8.61,0,0,0,0,0,2.9977765,industrial_landuse,3,15.139598,farmland,3,strong_industrial_context
FW_01192231,industrial_no_prior,2024-01-20 07:47:00,21.05283,75.87196,342.51,5.12,0,0,0,0,0,1.4984319,industrial_landuse,3,8.235022,scrub,3,strong_industrial_context
FW_01035634,industrial_no_prior,2023-06-13 08:33:00,22.77574,72.62681,337.25,1.57,0,0,0,0,0,1.4558439,industrial_landuse,3,21.003572,forest_woodland,3,strong_industrial_context
FW_00030826,industrial_no_prior,2022-02-12 07:03:00,21.94125,82.44014,337.36,2.75,0,0,0,0,0,2.5832381,mining,3,17.467312,farmland,3,strong_industrial_context
FW_00658090,industrial_no_prior,2023-02-14 07:24:00,23.75376,85.54111,334.83,2.3,0,0,0,0,0,0.42839858,mining,3,4.107778,forest_woodland,3,strong_industrial_context
FW_01244675,industrial_no_prior,2024-02-29 21:08:00,16.28423,75.53678,303.75,0.53,0,0,0,0,0,2.174495,industrial_landuse,3,6.566651,forest_woodland,3,strong_industrial_context
FW_01260322,industrial_no_prior,2024-03-07 20:36:00,16.20574,75.20878,303.72,0.72,0,0,0,0,0,0.1148813,industrial_tag,3,4.111134,forest_woodland,3,strong_industrial_context
FW_01663292,industrial_no_prior,2024-11-20 07:28:00,27.21171,83.68526,329.68,1.99,0,0,0,0,0,2.7234619,industrial_landuse,3,6.0072656,farmland,3,strong_industrial_context
FW_00520703,industrial_no_prior,2022-11-13 08:09:00,29.54103,74.80428,331.31,3.11,0,0,0,0,0,2.461597,industrial_landuse,3,11.670814,farmland,3,strong_industrial_context
FW_00655991,industrial_no_prior,2023-02-13 20:12:00,17.66723,80.49123,301.82,0.7,0,0,0,0,0,0.45426673,mining,3,3.3953483,orchard,3,strong_industrial_context
FW_01052634,industrial_no_prior,2023-10-05 07:51:00,12.08002,78.97234,330.42,2.52,0,0,0,0,0,1.9434811,manufacturing,3,4.456345,forest_woodland,3,strong_industrial_context
FW_00013882,industrial_no_prior,2022-01-23 08:19:00,23.91705,71.21155,336.43,2.08,0,0,0,0,0,2.810174,power_plant,3,35.265354,farmland,3,strong_industrial_context
FW_01171698,industrial_no_prior,2024-01-01 08:43:00,17.06993,76.9152,367.0,5.22,0,0,0,0,0,1.8174819,mining,3,4.9497547,farmland,3,strong_industrial_context
FW_00060087,industrial_no_prior,2022-03-03 07:45:00,13.19578,78.00684,337.61,2.79,0,0,0,0,0,0.35927066,industrial_landuse,3,4.370894,orchard,3,strong_industrial_context
FW_00294098,industrial_no_prior,2022-04-17 08:43:00,18.7564,73.18126,335.24,3.53,0,0,0,0,0,0.93964475,industrial_landuse,3,4.274197,forest_woodland,3,strong_industrial_context
FW_01302908,industrial_no_prior,2024-03-19 07:38:00,10.75993,77.8846,342.3,9.27,0,0,0,0,0,1.2060795,industrial_landuse,3,5.013865,orchard,3,strong_industrial_context
FW_00808425,industrial_no_prior,2023-03-22 07:49:00,23.78976,85.83401,337.95,3.23,0,0,0,0,0,1.7768232,industrial_landuse,3,4.8312807,farmland,3,strong_industrial_context
FW_00000377,industrial_no_prior,2022-01-01 19:20:00,21.7695,84.02167,306.65,1.04,0,0,0,0,0,0.40125808,industrial_landuse,3,10.3609085,forest,3,strong_industrial_context
FW_01103476,industrial_no_prior,2023-11-11 07:58:00,13.9872,77.47787,346.91,3.88,0,0,0,0,0,0.19472386,industrial_landuse,3,16.941195,scrub,3,strong_industrial_context
FW_01700207,industrial_no_prior,2024-12-15 07:57:00,13.71521,77.53512,333.79,3.65,0,0,0,0,0,1.8503077,industrial_landuse,3,10.4714365,scrub,3,strong_industrial_context
FW_00849408,industrial_no_prior,2023-04-08 07:31:00,22.37397,72.59082,337.91,3.01,0,0,0,0,0,1.904573,industrial_landuse,3,6.9807596,forest_woodland,3,strong_industrial_context
FW_01599182,industrial_no_prior,2024-06-15 08:31:00,22.14257,72.24533,356.99,9.39,0,0,0,0,0,1.2172269,industrial_landuse,3,11.327641,farmland,3,strong_industrial_context
FW_01172907,industrial_no_prior,2024-01-02 19:12:00,23.77719,86.86195,295.42,0.28,0,0,0,0,0,0.23657595,industrial_landuse,3,5.3069673,forest_woodland,3,strong_industrial_context
FW_00399986,industrial_no_prior,2022-05-10 08:11:00,18.30732,78.67132,356.25,3.17,0,0,0,0,0,0.3956062,industrial_landuse,3,8.995471,forest_woodland,3,strong_industrial_context
FW_00508068,industrial_no_prior,2022-11-10 07:23:00,22.75001,78.79389,332.69,2.48,0,0,0,0,0,1.3575448,mining,3,6.2375298,grassland,3,strong_industrial_context
FW_01419144,industrial_no_prior,2024-04-14 07:54:00,22.87803,86.29929,338.73,3.74,0,0,0,0,0,1.223271,kiln,3,4.224052,scrub,3,strong_industrial_context
FW_01223775,industrial_no_prior,2024-02-16 07:44:00,31.44503,75.19323,328.51,4.55,0,0,0,0,0,1.8099778,industrial_tag,3,3.7715557,forest,3,strong_industrial_context
FW_00999957,industrial_no_prior,2023-05-17 08:42:00,31.2597,75.47719,334.15,2.89,0,0,0,0,0,1.2026316,power_plant,3,6.524531,agricultural,2,strong_industrial_context
FW_01090579,industrial_no_prior,2023-11-05 08:15:00,30.68619,76.39362,333.01,1.91,0,0,0,0,0,1.9643734,industrial_landuse,3,4.105053,agricultural,2,strong_industrial_context
FW_00434670,industrial_no_prior,2022-06-08 07:27:00,21.44935,80.349,339.47,2.02,0,0,0,0,0,2.1939101,mining,3,10.798922,forest_woodland,3,strong_industrial_context
FW_00840372,industrial_no_prior,2023-04-05 08:27:00,22.63171,77.74658,350.12,6.16,0,0,0,0,0,2.5714998,industrial_landuse,3,5.0784073,forest_woodland,3,strong_industrial_context
FW_01169588,industrial_no_prior,2023-12-30 07:42:00,22.92878,69.76639,335.08,3.15,0,0,0,0,0,2.8156567,industrial_landuse,3,6.7152085,scrub,3,strong_industrial_context
FW_01065141,industrial_no_prior,2023-10-23 07:19:00,31.95253,74.92024,367.0,10.58,0,0,0,0,0,0.6957776,power_plant,3,8.090913,forest_woodland,3,strong_industrial_context
FW_01060247,industrial_no_prior,2023-10-18 08:52:00,29.60406,75.25292,332.98,2.66,0,0,0,0,0,1.8932201,power_plant,3,21.740307,farmland,3,strong_industrial_context
FW_01069152,industrial_no_prior,2023-10-26 08:02:00,28.35731,73.40082,351.24,8.59,0,0,0,0,0,0.048837446,industrial_landuse,3,31.064568,grassland,2,strong_industrial_context
FW_00165377,industrial_no_prior,2022-03-25 07:34:00,19.4238,82.87173,342.29,2.79,0,0,0,0,0,1.3153565,power_plant,3,4.0941267,forest,3,strong_industrial_context
FW_00063691,industrial_no_prior,2022-03-04 07:28:00,23.94927,91.86749,333.23,2.93,0,0,0,0,0,2.263732,mining,3,3.5586038,forest_woodland,3,strong_industrial_context
FW_00629320,industrial_no_prior,2023-02-02 07:48:00,20.63887,86.20614,342.48,5.57,0,0,0,0,0,2.7947195,mining,3,3.2604115,scrub,3,strong_industrial_context
FW_00440773,industrial_no_prior,2022-06-25 07:12:00,31.41633,75.53675,334.68,2.5,0,0,0,0,0,2.271677,industrial_landuse,3,3.280433,orchard,3,strong_industrial_context
FW_01617090,industrial_no_prior,2024-10-13 07:41:00,27.26808,81.1259,341.27,5.35,0,0,0,0,0,2.3439898,industrial_tag,3,16.180262,forest,3,strong_industrial_context
FW_00447806,industrial_no_prior,2022-09-20 08:22:00,31.54919,75.11376,346.24,16.85,0,0,0,0,0,2.1997833,industrial_landuse,3,8.128594,farmland,3,strong_industrial_context
FW_00884052,industrial_no_prior,2023-04-13 07:36:00,17.56774,76.53665,333.95,0.41,0,0,0,0,0,2.7735488,industrial_landuse,3,3.7537994,farmland,3,strong_industrial_context
FW_01529896,industrial_no_prior,2024-05-05 08:02:00,29.83579,76.12634,344.51,8.2,0,0,0,0,0,2.7646031,industrial_landuse,3,9.469678,farmland,3,strong_industrial_context
FW_00984476,industrial_no_prior,2023-05-13 08:13:00,18.30746,78.67135,342.85,5.58,0,0,0,0,0,0.41157293,industrial_landuse,3,9.011478,forest_woodland,3,strong_industrial_context
FW_01022844,industrial_no_prior,2023-06-02 08:37:00,15.86371,76.89114,333.92,2.45,0,0,0,0,0,2.6027408,industrial_landuse,3,24.161892,scrub,3,strong_industrial_context
FW_00444342,industrial_no_prior,2022-08-16 20:03:00,21.76501,84.01684,306.71,2.11,0,0,0,0,0,0.5715577,industrial_landuse,3,10.960301,forest_woodland,3,strong_industrial_context
FW_00978917,industrial_no_prior,2023-05-11 07:14:00,30.92043,75.17348,344.78,6.76,0,0,0,0,0,1.2899204,industrial_landuse,3,5.2629194,farmland,3,strong_industrial_context
FW_01634867,industrial_no_prior,2024-11-07 08:11:00,19.05206,74.7498,336.77,3.46,0,0,0,0,0,2.7063432,industrial_landuse,3,4.402116,farmland,3,strong_industrial_context
FW_01048175,industrial_no_prior,2023-09-01 21:01:00,23.25817,70.25416,309.26,1.1,0,0,0,0,0,0.26679513,industrial_landuse,3,24.378536,grassland,2,strong_industrial_context
FW_01039427,industrial_no_prior,2023-06-19 08:22:00,30.72008,75.07301,340.6,29.18,0,0,0,0,0,2.8323653,industrial_landuse,3,3.975736,farmland,3,strong_industrial_context
FW_00961817,industrial_no_prior,2023-05-06 07:07:00,30.21091,75.5613,330.17,2.46,0,0,0,0,0,2.9353888,power_plant,3,10.474117,scrub,3,strong_industrial_context
FW_00452891,industrial_no_prior,2022-10-13 20:17:00,21.34461,72.95586,310.42,1.52,0,0,0,0,0,0.67833555,industrial_landuse,3,3.1414173,farmland,3,strong_industrial_context
FW_01653006,industrial_no_prior,2024-11-16 08:41:00,16.52372,77.07034,340.74,7.15,0,0,0,0,0,2.2209568,industrial_landuse,3,14.216066,scrub,3,strong_industrial_context
FW_01709346,industrial_no_prior,2024-12-18 07:05:00,29.13134,77.69712,333.04,2.1,0,0,0,0,0,0.99012494,industrial_landuse,3,9.152668,grassland,2,strong_industrial_context
FW_00458899,industrial_no_prior,2022-10-22 08:22:00,30.72561,75.69032,344.63,13.84,0,0,0,0,0,1.5976267,manufacturing,3,4.345525,scrub,3,strong_industrial_context
FW_00328284,industrial_no_prior,2022-04-24 08:14:00,30.0714,75.70724,336.02,29.55,0,0,0,0,0,0.8105816,industrial_landuse,3,12.197171,farmland,3,strong_industrial_context
FW_01065094,industrial_no_prior,2023-10-23 07:19:00,30.75708,75.48428,367.0,18.03,0,0,0,0,0,1.32759,industrial_tag,3,6.2706866,agricultural,2,strong_industrial_context
FW_00581153,industrial_no_prior,2022-12-22 20:04:00,22.23329,84.62939,295.9,0.38,0,0,0,0,0,0.054216985,industrial_landuse,3,4.7134333,farmland,3,strong_industrial_context
FW_01111762,industrial_no_prior,2023-11-14 08:47:00,30.51628,74.09121,367.0,7.26,0,0,0,0,0,2.5030344,industrial_landuse,3,12.697167,grassland,2,strong_industrial_context
FW_01084622,industrial_no_prior,2023-11-03 08:53:00,31.35477,74.96609,332.73,2.19,0,0,0,0,0,2.6785398,industrial_landuse,3,6.809423,forest,3,strong_industrial_context
FW_01071354,industrial_no_prior,2023-10-27 07:44:00,30.23754,76.59776,347.98,25.44,0,0,0,0,0,2.4505453,industrial_landuse,3,9.2281885,agricultural,2,strong_industrial_context
FW_00579900,industrial_no_prior,2022-12-22 07:35:00,21.42696,83.70152,336.66,2.12,0,0,0,0,0,2.7362726,mining,3,7.318387,forest_woodland,3,strong_industrial_context
FW_01559841,industrial_no_prior,2024-05-14 08:34:00,31.40225,75.63346,343.35,4.8,0,0,0,0,0,2.6959229,industrial_landuse,3,9.016725,scrub,3,strong_industrial_context
FW_00729328,industrial_no_prior,2023-03-04 08:26:00,21.49875,72.92228,336.21,7.56,0,0,0,0,0,1.3585303,industrial_landuse,3,17.95014,farmland,3,strong_industrial_context
FW_01616462,industrial_no_prior,2024-10-12 08:01:00,28.26138,73.26942,346.4,3.22,0,0,0,0,0,0.8440666,industrial_landuse,3,22.570374,grassland,2,strong_industrial_context
FW_01722842,industrial_no_prior,2024-12-31 08:00:00,21.41598,83.82174,342.96,4.55,0,0,0,0,0,0.2781589,industrial_landuse,3,9.410985,forest,3,strong_industrial_context
FW_00639901,industrial_no_prior,2023-02-07 07:54:00,20.81322,78.02457,336.41,12.17,0,0,0,0,0,0.45849997,industrial_landuse,3,11.7218685,farmland,3,strong_industrial_context
FW_00684322,industrial_no_prior,2023-02-24 07:33:00,13.00703,78.23333,332.47,2.57,0,0,0,0,0,2.1023095,industrial_landuse,3,4.345642,forest,3,strong_industrial_context
FW_00967084,industrial_no_prior,2023-05-07 20:55:00,21.43342,72.97529,307.76,0.69,0,0,0,0,0,1.7061027,industrial_landuse,3,11.080419,farmland,3,strong_industrial_context
FW_00052380,industrial_no_prior,2022-02-27 09:00:00,13.66252,76.50917,331.22,7.77,0,0,0,0,0,1.0169517,mining,3,7.219484,scrub,3,strong_industrial_context
FW_01252925,industrial_no_prior,2024-03-05 07:03:00,20.04458,79.17236,331.11,2.55,0,0,0,0,0,2.1602595,industrial_tag,3,7.6875653,farmland,3,strong_industrial_context
FW_01077821,industrial_no_prior,2023-10-31 08:08:00,27.36262,72.17541,336.37,2.66,0,0,0,0,0,0.5462727,industrial_landuse,3,18.947588,farmland,3,strong_industrial_context
FW_00685056,industrial_no_prior,2023-02-24 07:35:00,18.44348,78.41461,337.55,3.55,0,0,0,0,0,1.9558601,industrial_landuse,3,12.174232,farmland,3,strong_industrial_context
FW_00750358,industrial_no_prior,2023-03-07 07:29:00,18.87234,78.6293,330.81,4.29,0,0,0,0,0,2.7736602,industrial_tag,3,9.717617,orchard,3,strong_industrial_context
FW_00544442,industrial_no_prior,2022-11-25 07:42:00,26.81616,83.55759,331.94,2.12,0,0,0,0,0,2.0050874,industrial_landuse,3,4.6240296,forest_woodland,3,strong_industrial_context
FW_00026644,industrial_no_prior,2022-02-07 08:38:00,23.14962,79.65262,330.35,3.44,0,0,0,0,0,2.9875617,industrial_landuse,3,11.237703,scrub,3,strong_industrial_context
FW_00257331,industrial_no_prior,2022-04-08 08:13:00,23.52398,77.36066,367.0,10.73,0,0,0,0,0,1.2574449,mining,3,8.531163,forest_woodland,3,strong_industrial_context
FW_00007818,industrial_no_prior,2022-01-13 08:03:00,10.00306,77.57446,336.41,4.11,0,0,0,0,0,0.2560654,industrial_landuse,3,3.3296843,forest_woodland,3,strong_industrial_context
FW_01270372,industrial_no_prior,2024-03-10 19:41:00,11.23244,77.82024,306.57,0.58,0,0,0,0,0,2.8634763,industrial_landuse,3,8.296534,farmland,3,strong_industrial_context
FW_00248589,industrial_no_prior,2022-04-06 08:49:00,20.15948,76.29532,367.0,8.17,0,0,0,0,0,1.9449536,mining,3,28.95989,farmland,3,strong_industrial_context
FW_00546673,industrial_no_prior,2022-11-27 07:03:00,21.29955,83.04078,332.12,1.85,0,0,0,0,0,2.3520317,industrial_landuse,3,14.668048,scrub,3,strong_industrial_context
FW_00571009,industrial_no_prior,2022-12-16 07:49:00,28.25742,77.61562,332.03,1.97,0,0,0,0,0,0.32770273,industrial_landuse,3,8.568729,grassland,2,strong_industrial_context
FW_01371222,industrial_no_prior,2024-04-04 07:42:00,25.0302,87.64816,341.79,5.99,0,0,0,0,0,2.485684,mining,3,6.8149257,scrub,3,strong_industrial_context
FW_01071723,industrial_no_prior,2023-10-27 07:44:00,31.85961,75.07251,334.84,2.66,0,0,0,0,0,0.15563235,industrial_tag,3,14.187028,orchard,3,strong_industrial_context
FW_01091508,industrial_no_prior,2023-11-05 08:15:00,31.24754,74.73776,334.69,2.54,0,0,0,0,0,2.7575712,industrial_tag,3,10.2443075,grassland,2,strong_industrial_context
FW_01385438,industrial_no_prior,2024-04-06 07:04:00,24.87109,87.84634,330.2,3.57,0,0,0,0,0,1.8642774,industrial_tag,3,5.405835,farmland,3,strong_industrial_context
FW_00999565,industrial_no_prior,2023-05-17 08:40:00,24.49242,73.84711,341.02,2.26,0,0,0,0,0,0.58907217,mining,3,3.4042103,forest_woodland,3,strong_industrial_context
FW_01215955,industrial_no_prior,2024-02-10 20:23:00,18.6264,74.36118,305.01,0.95,0,0,0,0,0,2.3076096,industrial_landuse,3,4.8011336,orchard,3,strong_industrial_context
FW_00957163,industrial_no_prior,2023-05-04 07:45:00,29.80459,75.81013,334.87,3.48,0,0,0,0,0,2.6472619,industrial_landuse,3,3.2445674,forest,3,strong_industrial_context
FW_00398321,industrial_no_prior,2022-05-09 06:51:00,27.38336,96.01523,347.4,24.4,0,0,0,0,0,1.9211982,mining,3,3.0883744,forest_woodland,3,strong_industrial_context
FW_01589455,industrial_no_prior,2024-06-04 08:38:00,24.11308,69.3304,343.71,5.43,0,0,0,0,0,2.9277039,industrial_landuse,3,3.0341508,scrub,3,strong_industrial_context
FW_00567616,industrial_no_prior,2022-12-14 08:25:00,21.26604,82.79689,336.33,5.88,0,0,0,0,0,1.5050961,industrial_landuse,3,5.104922,agricultural,2,strong_industrial_context
FW_01621749,industrial_no_prior,2024-10-22 08:13:00,26.70421,71.41037,340.34,2.62,0,0,0,0,0,0.54235446,industrial_landuse,3,33.280273,orchard,3,strong_industrial_context
FW_00496301,industrial_no_prior,2022-11-05 08:59:00,30.14485,74.70655,331.55,2.39,0,0,0,0,0,1.9528669,power_plant,3,3.263557,grassland,2,strong_industrial_context
FW_00324822,industrial_no_prior,2022-04-24 08:12:00,22.44933,80.36526,341.58,6.4,0,0,0,0,0,1.9495478,manufacturing,3,8.246125,farmland,3,strong_industrial_context
FW_01063834,industrial_no_prior,2023-10-22 07:33:00,14.40992,77.6923,338.23,6.0,0,0,0,0,0,2.4336145,industrial_tag,3,7.229758,scrub,3,strong_industrial_context
FW_01091690,industrial_no_prior,2023-11-05 08:15:00,31.4629,75.64912,333.3,3.75,0,0,0,0,0,2.1947496,industrial_landuse,3,10.629463,orchard,3,strong_industrial_context
FW_00933171,industrial_recurrent,2023-04-19 19:52:00,24.14741,86.32996,304.44,0.64,2,3,6,11,9,0.67021346,industrial_landuse,3,4.985734,forest_woodland,3,strong_industrial_context
FW_01615100,industrial_recurrent,2024-10-08 20:01:00,23.75781,86.40328,330.42,2.55,6,22,26,69,18,1.4813035,mining,3,3.5504098,scrub,3,strong_industrial_context
FW_00089553,industrial_recurrent,2022-03-12 20:49:00,15.17496,76.37736,311.85,1.79,2,5,6,36,22,0.28105298,industrial_landuse,3,8.492608,forest,3,strong_industrial_context
FW_00058911,industrial_recurrent,2022-03-02 20:34:00,21.82313,83.89471,311.96,1.66,1,3,3,6,6,0.73928934,mining,3,7.276823,forest_woodland,3,strong_industrial_context
FW_00493448,industrial_recurrent,2022-11-04 20:04:00,21.10289,72.64275,326.71,6.7,12,24,31,83,25,0.7363388,industrial_landuse,3,3.7725677,farmland,3,strong_industrial_context
FW_00535832,industrial_recurrent,2022-11-19 20:23:00,21.3775,81.68192,312.73,1.41,5,14,20,68,29,0.46519986,industrial_landuse,3,8.270237,farmland,3,strong_industrial_context
FW_00418443,industrial_recurrent,2022-05-22 20:15:00,21.26594,79.18488,320.99,1.8,7,9,16,77,24,0.19035624,mining,3,4.2398047,farmland,3,strong_industrial_context
FW_00935250,industrial_recurrent,2023-04-20 07:05:00,20.97312,85.16887,334.53,7.25,18,39,60,171,27,0.18794103,mining,3,6.766608,forest_woodland,3,strong_industrial_context
FW_00465372,industrial_recurrent,2022-10-25 19:51:00,23.80797,86.31667,306.52,1.27,2,7,7,14,12,0.49478513,mining,3,5.1045938,scrub,3,strong_industrial_context
FW_00590243,industrial_recurrent,2022-12-30 20:54:00,21.91875,83.35284,310.26,2.49,12,36,51,121,27,1.0607384,industrial_landuse,3,7.1666737,forest_woodland,3,strong_industrial_context
FW_00078802,industrial_recurrent,2022-03-09 21:42:00,26.87577,73.51343,297.47,1.2,3,9,16,43,20,1.0125273,mining,3,28.156605,scrub,3,strong_industrial_context
FW_00452719,industrial_recurrent,2022-10-13 20:16:00,21.08078,85.03488,302.32,1.68,1,17,17,55,16,0.75528675,mining,3,7.3809896,forest_woodland,3,strong_industrial_context
FW_01613528,industrial_recurrent,2024-10-03 07:28:00,23.78301,86.39482,331.19,2.35,5,12,12,63,17,0.99820095,industrial_tag,3,4.744175,scrub,3,strong_industrial_context
FW_00269740,industrial_recurrent,2022-04-10 20:04:00,18.68434,73.035,309.8,1.96,3,29,40,165,29,0.8429352,industrial_landuse,3,4.5412946,forest_woodland,3,strong_industrial_context
FW_01277873,industrial_recurrent,2024-03-12 19:01:00,20.78999,85.25272,306.34,2.24,22,36,51,158,27,1.8492384,industrial_landuse,3,15.215407,forest_woodland,3,strong_industrial_context
FW_01681878,industrial_recurrent,2024-12-02 21:11:00,24.93452,74.63344,306.91,1.51,1,4,5,16,13,0.41975522,industrial_landuse,3,3.774739,forest_woodland,3,strong_industrial_context
FW_00052611,industrial_recurrent,2022-02-27 19:50:00,23.73083,86.7571,302.86,1.03,0,0,0,9,8,0.08130577,mining,3,7.028297,forest_woodland,3,strong_industrial_context
FW_01693815,industrial_recurrent,2024-12-11 20:02:00,23.73745,85.00981,304.56,1.25,2,9,14,43,22,2.4915025,mining,3,7.0690837,forest_woodland,3,strong_industrial_context
FW_00942012,industrial_recurrent,2023-04-22 08:07:00,20.96344,85.17346,338.22,5.84,32,66,108,329,27,0.8888403,mining,3,7.942692,forest_woodland,3,strong_industrial_context
FW_00025196,industrial_recurrent,2022-02-05 20:03:00,20.95655,85.1425,295.34,0.69,0,3,5,12,12,1.2454888,mining,3,7.8944073,forest_woodland,3,strong_industrial_context
FW_00554295,industrial_recurrent,2022-12-02 19:38:00,21.37458,81.64127,301.01,2.4,3,13,17,49,28,0.8774006,industrial_landuse,3,9.02349,farmland,3,strong_industrial_context
FW_01141611,industrial_recurrent,2023-12-09 20:05:00,15.18032,77.10503,303.71,1.39,3,4,5,20,18,0.19600032,industrial_landuse,3,9.430416,forest,3,strong_industrial_context
FW_01576210,industrial_recurrent,2024-05-20 20:47:00,22.00235,82.66709,305.18,0.88,3,3,7,36,18,0.558455,industrial_landuse,3,7.1269526,farmland,3,strong_industrial_context
FW_01659297,industrial_recurrent,2024-11-18 20:34:00,20.86987,84.99084,309.54,1.55,3,12,16,31,13,0.45106187,industrial_landuse,3,5.1673756,forest_woodland,3,strong_industrial_context
FW_01231435,industrial_recurrent,2024-02-20 20:35:00,20.96566,85.07817,303.95,0.6,1,6,6,17,13,0.8783659,mining,3,9.378038,forest_woodland,3,strong_industrial_context
FW_01199769,industrial_recurrent,2024-01-28 19:26:00,20.80702,85.25777,302.17,1.19,6,6,6,48,20,0.3394197,industrial_tag,3,15.126018,farmland,3,strong_industrial_context
FW_01267732,industrial_recurrent,2024-03-09 19:56:00,23.77715,86.38935,346.57,3.03,20,57,83,284,25,1.2498734,mining,3,4.0843377,scrub,3,strong_industrial_context
FW_00560263,industrial_recurrent,2022-12-06 20:03:00,21.7618,84.02016,307.82,1.98,14,42,56,181,29,0.6116503,industrial_landuse,3,10.513915,forest_woodland,3,strong_industrial_context
FW_00061833,industrial_recurrent,2022-03-03 20:16:00,21.07605,85.04564,309.14,1.1,7,18,21,78,26,0.6146266,mining,3,7.094109,forest_woodland,3,strong_industrial_context
FW_01160605,industrial_recurrent,2023-12-23 20:41:00,21.92506,83.33675,312.6,3.22,2,7,14,29,15,0.8730645,industrial_landuse,3,7.809535,forest_woodland,3,strong_industrial_context
FW_00964240,industrial_recurrent,2023-05-06 21:13:00,26.6389,79.47911,301.77,0.67,0,1,3,18,12,1.0683475,industrial_landuse,3,9.025866,farmland,3,strong_industrial_context
FW_00622795,industrial_recurrent,2023-01-27 20:31:00,17.17737,80.80029,308.17,1.19,1,7,7,22,17,2.238649,mining,3,3.1127152,grassland,2,strong_industrial_context
FW_01313017,industrial_recurrent,2024-03-23 08:06:00,23.68652,86.39172,334.41,4.22,11,15,35,122,26,0.20180875,mining,3,8.655671,scrub,3,strong_industrial_context
FW_01653919,industrial_recurrent,2024-11-17 06:43:00,20.79326,85.25433,328.63,4.85,17,30,53,91,19,1.4963912,industrial_landuse,3,15.295033,forest_woodland,3,strong_industrial_context
FW_00498937,industrial_recurrent,2022-11-06 19:25:00,23.78011,86.39064,323.35,2.64,23,43,58,145,25,1.2169065,industrial_tag,3,4.261557,scrub,3,strong_industrial_context
FW_00601196,industrial_recurrent,2023-01-09 19:26:00,22.03232,83.36469,296.49,0.95,8,9,11,40,22,1.9209191,industrial_landuse,3,3.3142529,orchard,3,strong_industrial_context
FW_01653861,industrial_recurrent,2024-11-16 19:33:00,15.1806,77.10323,300.0,1.7,4,6,8,13,12,0.2318372,industrial_landuse,3,9.324609,forest,3,strong_industrial_context
FW_01613440,industrial_recurrent,2024-10-02 20:15:00,21.67763,84.03786,315.93,2.97,6,13,13,31,13,0.62010694,industrial_landuse,3,9.810123,forest_woodland,3,strong_industrial_context
FW_00610948,industrial_recurrent,2023-01-17 20:16:00,23.55846,87.24507,298.6,2.27,14,30,45,124,29,0.4017265,manufacturing,3,3.506021,farmland,3,strong_industrial_context
FW_00765005,industrial_recurrent,2023-03-09 21:01:00,21.3753,81.64057,306.23,1.56,3,10,13,48,28,0.9646021,industrial_landuse,3,8.955946,farmland,3,strong_industrial_context
FW_01586886,industrial_recurrent,2024-05-28 19:56:00,23.68581,86.39777,327.14,2.45,8,31,34,115,24,0.5586893,mining,3,8.4085455,scrub,3,strong_industrial_context
FW_01597911,industrial_recurrent,2024-06-13 21:37:00,21.10247,72.63283,306.92,2.39,11,23,33,78,22,1.262728,industrial_tag,3,3.725293,farmland,3,strong_industrial_context
FW_01364823,industrial_recurrent,2024-04-03 20:29:00,20.86358,84.99315,312.62,2.33,2,9,12,37,17,1.1903801,industrial_landuse,3,4.700367,forest_woodland,3,strong_industrial_context
FW_01073622,industrial_recurrent,2023-10-29 08:44:00,21.10519,72.64433,330.62,3.06,29,62,77,189,29,0.4345053,industrial_landuse,3,3.5671763,farmland,3,strong_industrial_context
FW_01691788,industrial_recurrent,2024-12-10 20:22:00,20.9661,85.16,306.73,1.14,0,13,14,83,18,1.3128525,mining,3,7.1476903,forest_woodland,3,strong_industrial_context
FW_00553503,industrial_recurrent,2022-12-01 19:57:00,21.07828,85.0313,305.3,1.35,7,18,26,99,28,0.9194462,mining,3,7.838467,forest_woodland,3,strong_industrial_context
FW_01705744,industrial_recurrent,2024-12-16 20:09:00,23.77357,86.19796,303.9,1.26,5,19,21,85,27,0.80218905,mining,3,3.0584083,forest_woodland,3,strong_industrial_context
FW_01440851,industrial_recurrent,2024-04-18 19:06:00,23.78093,86.39498,318.14,3.38,32,47,51,207,25,0.84656143,industrial_tag,3,4.712496,scrub,3,strong_industrial_context
FW_01526061,industrial_recurrent,2024-05-04 20:47:00,23.75952,86.39915,325.72,3.85,26,66,97,246,25,1.2368274,mining,3,4.000121,scrub,3,strong_industrial_context
FW_00644577,industrial_recurrent,2023-02-09 19:45:00,23.16593,82.33672,295.95,0.73,7,19,28,81,27,0.8852791,mining,3,7.300232,forest_woodland,3,strong_industrial_context
FW_01124331,industrial_recurrent,2023-11-19 19:38:00,23.71859,86.44715,313.87,2.09,5,25,29,113,26,2.095102,mining,3,3.8467078,scrub,3,strong_industrial_context
FW_00066593,industrial_recurrent,2022-03-05 19:38:00,20.97529,85.14022,306.5,2.13,16,25,30,116,28,1.0204753,mining,3,5.805262,forest_woodland,3,strong_industrial_context
FW_01050894,industrial_recurrent,2023-09-28 19:13:00,22.36794,87.29777,309.58,2.33,6,6,6,20,10,1.4599868,industrial_landuse,3,3.3877027,grassland,3,strong_industrial_context
FW_00443267,industrial_recurrent,2022-07-14 20:21:00,23.67547,86.39905,339.01,4.25,4,19,20,44,13,1.2401154,mining,3,9.377165,scrub,3,strong_industrial_context
FW_01678299,industrial_recurrent,2024-11-29 07:59:00,21.92273,83.35037,340.79,5.0,23,43,62,127,26,0.5966573,industrial_landuse,3,6.9839506,forest_woodland,3,strong_industrial_context
FW_01588697,industrial_recurrent,2024-05-29 19:38:00,21.08231,85.0424,311.18,4.08,5,14,15,50,16,0.7843567,mining,3,6.7368307,forest_woodland,3,strong_industrial_context
FW_01144431,industrial_recurrent,2023-12-12 20:47:00,20.86595,84.99306,298.42,1.48,3,4,4,61,20,0.94068897,industrial_landuse,3,4.792111,forest_woodland,3,strong_industrial_context
FW_00900986,industrial_recurrent,2023-04-15 19:27:00,23.72704,85.00687,312.69,1.13,4,8,11,31,15,2.5742097,mining,3,7.993052,forest_woodland,3,strong_industrial_context
FW_01203599,industrial_recurrent,2024-02-02 07:04:00,23.78038,86.38996,330.26,5.12,14,51,85,295,28,1.291743,industrial_tag,3,4.1992188,scrub,3,strong_industrial_context
FW_01162021,industrial_recurrent,2023-12-24 20:21:00,23.73816,85.012,302.47,2.12,3,8,17,49,20,2.32656,mining,3,7.0578814,forest_woodland,3,strong_industrial_context
FW_00574662,industrial_recurrent,2022-12-18 19:38:00,23.72856,85.00788,308.34,1.48,2,10,10,68,21,2.467752,mining,3,7.926775,forest_woodland,3,strong_industrial_context
FW_00005273,industrial_recurrent,2022-01-07 20:47:00,23.69283,87.12038,300.05,2.01,15,37,37,37,7,0.12732588,industrial_landuse,3,13.794158,forest,3,strong_industrial_context
FW_00715961,industrial_recurrent,2023-03-02 09:04:00,21.10362,72.64597,343.48,4.11,15,32,43,144,31,0.51534474,industrial_landuse,3,3.784728,farmland,3,strong_industrial_context
FW_01617799,industrial_recurrent,2024-10-14 21:30:00,23.42851,68.7125,309.75,1.32,0,4,5,13,10,0.1765427,industrial_landuse,3,9.731559,scrub,3,strong_industrial_context
FW_00009429,industrial_recurrent,2022-01-16 21:19:00,21.10879,72.62849,308.94,2.34,9,28,36,54,16,1.4734101,industrial_tag,3,3.0826247,farmland,3,strong_industrial_context
FW_00526668,industrial_recurrent,2022-11-15 19:58:00,21.1058,72.64154,335.87,11.34,10,36,52,150,31,0.6309121,industrial_landuse,3,3.429185,farmland,3,strong_industrial_context
FW_00524806,industrial_recurrent,2022-11-14 20:16:00,20.96575,86.01314,306.63,1.05,8,18,20,59,25,0.8136536,industrial_landuse,3,4.7580004,forest_woodland,3,strong_industrial_context
FW_01045995,industrial_recurrent,2023-08-18 20:22:00,23.69115,87.12101,306.29,2.41,6,6,6,27,7,0.20232558,industrial_landuse,3,13.822734,forest,3,strong_industrial_context
FW_00507603,industrial_recurrent,2022-11-09 20:10:00,20.97071,85.17023,309.09,1.82,16,52,62,163,27,0.20998123,mining,3,7.0692677,forest_woodland,3,strong_industrial_context
FW_01682457,industrial_recurrent,2024-12-03 19:13:00,20.79254,85.25305,310.63,2.56,1,4,16,105,21,1.5663443,industrial_landuse,3,15.182679,forest_woodland,3,strong_industrial_context
FW_00358900,industrial_recurrent,2022-04-29 08:17:00,18.68269,73.03616,348.32,4.12,17,49,64,160,30,0.79244477,industrial_landuse,3,4.4096346,forest_woodland,3,strong_industrial_context
FW_00761554,industrial_recurrent,2023-03-08 21:20:00,21.10432,72.6481,312.63,2.99,7,24,38,136,29,0.43747327,industrial_landuse,3,3.7873993,farmland,3,strong_industrial_context
FW_00518455,industrial_recurrent,2022-11-12 19:13:00,20.98717,85.12772,299.76,0.72,4,6,8,19,12,2.4903946,mining,3,4.6505055,forest_woodland,3,strong_industrial_context
FW_01047368,industrial_recurrent,2023-08-29 07:46:00,15.17426,76.65912,331.75,3.76,14,25,33,82,22,0.056488372,industrial_tag,3,3.187667,forest_woodland,3,strong_industrial_context
FW_00565012,industrial_recurrent,2022-12-11 20:09:00,23.76462,86.38176,305.09,1.98,0,16,22,68,24,0.20813379,mining,3,3.424409,scrub,3,strong_industrial_context
FW_01317252,industrial_recurrent,2024-03-24 20:16:00,21.57677,82.02142,316.21,1.76,1,1,1,5,5,0.1710062,industrial_landuse,3,14.2264595,forest,3,strong_industrial_context
FW_00602996,industrial_recurrent,2023-01-10 20:48:00,20.96363,85.16822,314.48,4.98,28,67,80,273,29,1.0237787,mining,3,7.6977673,forest_woodland,3,strong_industrial_context
FW_01255127,industrial_recurrent,2024-03-05 21:12:00,23.17078,82.33843,304.7,2.43,9,15,20,65,25,0.31952712,mining,3,6.7589564,forest_woodland,3,strong_industrial_context
FW_00404042,industrial_recurrent,2022-05-12 20:03:00,20.96039,85.17378,310.41,3.04,8,47,51,182,27,0.88480884,mining,3,8.262417,forest_woodland,3,strong_industrial_context
FW_01430125,industrial_recurrent,2024-04-16 19:43:00,26.6429,79.47882,302.71,1.25,2,2,6,58,20,0.99159396,industrial_landuse,3,8.786693,farmland,3,strong_industrial_context
FW_00024205,industrial_recurrent,2022-02-04 20:22:00,21.69525,72.60201,301.9,0.42,2,8,12,35,21,0.6547266,manufacturing,3,3.706565,grassland,3,strong_industrial_context
FW_01235019,industrial_recurrent,2024-02-22 19:57:00,22.35572,82.2914,314.18,1.89,5,11,13,41,21,0.7360536,mining,3,8.872441,forest_woodland,3,strong_industrial_context
FW_01579725,industrial_recurrent,2024-05-22 20:10:00,20.96779,86.00835,337.79,4.96,7,10,12,50,20,0.2793703,industrial_landuse,3,5.272726,forest_woodland,3,strong_industrial_context
FW_00010862,industrial_recurrent,2022-01-18 20:42:00,17.61047,83.20589,303.53,1.14,6,18,26,56,15,0.7879117,manufacturing,3,5.5280685,scrub,3,strong_industrial_context
FW_00583622,industrial_recurrent,2022-12-24 19:26:00,21.38385,81.65438,300.97,1.52,5,10,14,36,20,1.2350814,industrial_landuse,3,7.887155,farmland,3,strong_industrial_context
FW_00829516,industrial_recurrent,2023-04-01 08:02:00,21.10447,72.64621,343.93,9.56,10,27,43,115,27,0.41787988,industrial_landuse,3,3.7032034,farmland,3,strong_industrial_context
FW_01273896,industrial_recurrent,2024-03-11 21:01:00,18.67834,73.0452,307.93,1.51,0,6,6,23,14,0.8928546,industrial_landuse,3,3.4722548,forest_woodland,3,strong_industrial_context
FW_00479903,industrial_recurrent,2022-10-31 21:19:00,23.43104,68.7131,309.03,1.22,0,0,1,11,10,0.081203505,industrial_landuse,3,9.444434,scrub,3,strong_industrial_context
FW_00018086,industrial_recurrent,2022-01-29 20:34:00,20.94582,85.01649,317.43,1.11,12,24,39,119,23,0.9808367,mining,3,10.706663,forest_woodland,3,strong_industrial_context
FW_01197690,industrial_recurrent,2024-01-26 07:35:00,23.75868,86.40289,353.1,9.37,21,51,61,247,29,1.3775561,mining,3,3.607842,scrub,3,strong_industrial_context
FW_00442435,industrial_recurrent,2022-07-08 20:34:00,23.17096,82.34456,313.98,1.64,2,6,6,19,10,0.6327775,mining,3,6.3943276,forest_woodland,3,strong_industrial_context
FW_00350708,industrial_recurrent,2022-04-27 19:44:00,21.98664,83.23161,311.69,1.85,3,5,5,24,21,0.19224453,industrial_landuse,3,6.2337313,forest_woodland,3,strong_industrial_context
FW_00024026,industrial_recurrent,2022-02-04 20:21:00,23.66925,84.99195,296.67,0.74,1,5,11,22,15,0.7070996,mining,3,4.3318176,forest_woodland,3,strong_industrial_context
FW_00526365,industrial_recurrent,2022-11-15 19:57:00,21.08087,85.04062,313.09,1.59,23,56,69,163,28,0.58110255,mining,3,6.9778605,forest_woodland,3,strong_industrial_context
FW_00449389,industrial_recurrent,2022-09-28 19:57:00,23.80698,86.32928,296.23,0.78,0,8,8,13,8,1.1618726,mining,3,4.2791047,scrub,3,strong_industrial_context
FW_00068344,industrial_recurrent,2022-03-06 19:19:00,20.96016,85.17861,304.49,1.12,24,60,86,239,30,0.44109708,mining,3,8.512369,forest_woodland,3,strong_industrial_context
FW_01238967,industrial_recurrent,2024-02-25 20:42:00,18.68231,73.03498,306.64,1.63,2,14,19,75,27,0.9224647,industrial_landuse,3,4.532982,forest_woodland,3,strong_industrial_context
FW_01321704,industrial_recurrent,2024-03-25 19:59:00,15.1792,77.10298,308.87,2.73,1,2,3,12,11,0.37194493,industrial_landuse,3,9.457483,forest,3,strong_industrial_context
FW_00807654,industrial_recurrent,2023-03-21 20:36:00,20.97702,85.1655,308.83,0.91,7,14,22,76,25,0.72352624,mining,3,6.2229953,forest_woodland,3,strong_industrial_context
FW_01691589,industrial_recurrent,2024-12-10 20:21:00,23.16596,82.33863,318.13,1.73,5,31,45,156,29,0.8499179,mining,3,7.188533,forest_woodland,3,strong_industrial_context
FW_00461904,vegetation_no_prior,2022-10-24 07:42:00,23.49543,79.01244,335.33,3.69,0,0,0,0,0,5.33912,mining,3,2.239768,scrub,3,vegetation_context
FW_00153450,vegetation_no_prior,2022-03-23 08:12:00,20.56475,80.96002,338.87,3.91,0,0,0,0,0,9.029722,mining,3,1.2829845,forest_woodland,3,vegetation_context
FW_00683406,vegetation_no_prior,2023-02-23 20:24:00,17.97795,77.48153,301.2,0.55,0,0,0,0,0,3.3572624,mining,3,2.1998813,farmland,3,vegetation_context
FW_00534261,vegetation_no_prior,2022-11-19 07:54:00,23.76332,79.41687,331.56,2.05,0,0,0,0,0,11.03797,industrial_landuse,3,1.9939293,forest_woodland,3,vegetation_context
FW_00181533,vegetation_no_prior,2022-03-27 08:38:00,23.59452,73.40569,346.65,6.18,0,0,0,0,0,9.559103,industrial_landuse,3,0.32804653,scrub,3,vegetation_context
FW_00719815,vegetation_no_prior,2023-03-03 07:05:00,24.12632,87.40252,336.95,1.39,0,0,0,0,0,9.740115,power_plant,3,2.4910035,forest_woodland,3,vegetation_context
FW_01228610,vegetation_no_prior,2024-02-19 08:24:00,17.12449,73.29556,348.32,8.9,0,0,0,0,0,12.048093,mining,3,2.1990151,forest_woodland,3,vegetation_context
FW_00508359,vegetation_no_prior,2022-11-10 07:25:00,29.41629,74.92343,339.75,3.49,0,0,0,0,0,10.389681,mining,3,2.7240767,farmland,3,vegetation_context
FW_00949206,vegetation_no_prior,2023-04-25 08:52:00,23.48061,73.68602,355.32,3.74,0,0,0,0,0,24.127645,power_plant,3,0.76991946,scrub,3,vegetation_context
FW_00781631,vegetation_no_prior,2023-03-12 07:37:00,26.61786,93.3484,338.85,4.17,0,0,0,0,0,3.6065269,industrial_landuse,3,0.2122943,grassland,3,vegetation_context
FW_00610317,vegetation_no_prior,2023-01-17 07:46:00,14.87555,75.98899,343.06,5.14,0,0,0,0,0,13.799741,industrial_landuse,3,2.3194637,forest_woodland,3,vegetation_context
FW_00759899,vegetation_no_prior,2023-03-08 08:50:00,17.07961,73.6698,344.22,6.44,0,0,0,0,0,17.025305,mining,3,2.1149678,forest_woodland,3,vegetation_context
FW_01503647,vegetation_no_prior,2024-05-01 07:34:00,19.47732,83.00747,335.97,2.92,0,0,0,0,0,15.291276,mining,3,2.5281386,forest_woodland,3,vegetation_context
FW_00199058,vegetation_no_prior,2022-03-29 08:00:00,23.85335,84.48914,343.58,3.27,0,0,0,0,0,13.708784,kiln,3,1.0534121,forest_woodland,3,vegetation_context
FW_00827208,vegetation_no_prior,2023-03-31 08:17:00,10.85445,77.74603,342.95,9.16,0,0,0,0,0,3.523415,industrial_landuse,3,2.6453328,orchard,3,vegetation_context
FW_01629129,vegetation_no_prior,2024-10-31 07:03:00,22.9043,79.6469,330.75,2.79,0,0,0,0,0,26.74486,industrial_landuse,3,1.6595849,forest_woodland,3,vegetation_context
FW_01483247,vegetation_no_prior,2024-04-27 07:09:00,18.74699,84.07514,341.43,6.44,0,0,0,0,0,4.2450995,industrial_landuse,3,1.5414485,forest_woodland,3,vegetation_context
FW_00432398,vegetation_no_prior,2022-06-05 20:51:00,29.27839,79.76781,304.6,0.6,0,0,0,0,0,21.767696,industrial_tag,3,1.5109106,forest_woodland,3,vegetation_context
FW_00823229,vegetation_no_prior,2023-03-29 07:18:00,24.62892,85.70856,333.01,1.6,0,0,0,0,0,5.787749,mining,3,0.71233934,forest_woodland,3,vegetation_context
FW_01569720,vegetation_no_prior,2024-05-18 07:17:00,27.79808,81.71789,336.41,2.32,0,0,0,0,0,15.242586,kiln,3,0.34898156,forest_woodland,3,vegetation_context
FW_01019483,vegetation_no_prior,2023-05-30 07:55:00,23.38058,85.72392,332.28,1.98,0,0,0,0,0,13.529791,industrial_landuse,3,2.856714,forest_woodland,3,vegetation_context
FW_00829736,vegetation_no_prior,2023-04-01 08:02:00,22.78654,80.3962,341.61,4.2,0,0,0,0,0,14.649605,mining,3,1.4355804,farmland,3,vegetation_context
FW_01011449,vegetation_no_prior,2023-05-24 08:08:00,23.45872,80.46992,343.43,11.32,0,0,0,0,0,10.333779,mining,3,0.9043543,forest_woodland,3,vegetation_context
FW_01599738,vegetation_no_prior,2024-06-15 20:56:00,32.80696,75.75971,298.62,0.46,0,0,0,0,0,15.610045,power_plant,3,1.6949339,forest_woodland,3,vegetation_context
FW_00985438,vegetation_no_prior,2023-05-13 08:16:00,29.83311,78.77937,340.89,3.18,0,0,0,0,0,12.187108,power_plant,3,0.708715,forest_woodland,3,vegetation_context
FW_01461578,vegetation_no_prior,2024-04-22 07:06:00,29.28528,80.21344,333.86,3.85,0,0,0,0,0,30.114916,mining,3,0.40747282,forest_woodland,3,vegetation_context
FW_00152841,vegetation_no_prior,2022-03-23 08:12:00,20.09202,80.54183,336.05,3.44,0,0,0,0,0,39.404613,mining,3,2.8220868,forest_woodland,3,vegetation_context
FW_00338578,vegetation_no_prior,2022-04-26 07:33:00,17.85524,75.04642,339.33,1.98,0,0,0,0,0,4.340441,industrial_landuse,3,2.073875,farmland,3,vegetation_context
FW_01411871,vegetation_no_prior,2024-04-12 06:52:00,25.73846,90.87424,332.63,3.57,0,0,0,0,0,35.81521,kiln,3,0.62527466,forest_woodland,3,vegetation_context
FW_00064109,vegetation_no_prior,2022-03-04 09:07:00,15.95313,74.71046,335.8,7.46,0,0,0,0,0,5.807385,industrial_landuse,3,2.3653986,scrub,3,vegetation_context
FW_01565346,vegetation_no_prior,2024-05-16 07:56:00,30.42897,76.12886,341.7,5.31,0,0,0,0,0,3.3897574,industrial_landuse,3,2.5973887,forest_woodland,3,vegetation_context
FW_00366174,vegetation_no_prior,2022-04-30 07:59:00,22.09692,78.3916,346.29,8.59,0,0,0,0,0,11.044258,industrial_tag,3,1.7360243,forest_woodland,3,vegetation_context
FW_00912978,vegetation_no_prior,2023-04-17 20:28:00,29.34196,80.20853,311.36,1.44,0,0,0,0,0,31.747522,mining,3,1.1146896,forest_woodland,3,vegetation_context
FW_00021009,vegetation_no_prior,2022-02-01 08:48:00,14.23508,75.77837,338.49,3.55,0,0,0,0,0,15.220403,industrial_landuse,3,1.5687546,scrub,3,vegetation_context
FW_00286164,vegetation_no_prior,2022-04-15 20:09:00,23.74055,77.48186,302.88,0.66,0,0,0,0,0,12.26375,mining,3,2.3105526,forest_woodland,3,vegetation_context
FW_00018634,vegetation_no_prior,2022-01-30 07:45:00,16.72024,79.44377,331.2,1.77,0,0,0,0,0,11.62764,power_plant,3,1.0656002,forest_woodland,3,vegetation_context
FW_00744670,vegetation_no_prior,2023-03-06 07:48:00,22.62184,85.62094,331.68,3.57,0,0,0,0,0,18.901684,industrial_landuse,3,2.2120528,forest_woodland,3,vegetation_context
FW_01248905,vegetation_no_prior,2024-03-02 20:30:00,16.11114,74.16638,310.74,1.31,0,0,0,0,0,3.6846373,industrial_landuse,3,1.961572,forest_woodland,3,vegetation_context
FW_00912912,vegetation_no_prior,2023-04-17 08:04:00,29.90662,78.53125,334.51,3.85,0,0,0,0,0,17.491476,industrial_landuse,3,0.3286526,forest_woodland,3,vegetation_context
FW_01265008,vegetation_no_prior,2024-03-09 07:26:00,13.34714,79.31512,341.2,5.95,0,0,0,0,0,12.637994,mining,3,1.0135428,forest_woodland,3,vegetation_context
FW_01283289,vegetation_no_prior,2024-03-14 07:31:00,9.67348,76.92428,367.0,11.83,0,0,0,0,0,3.7560937,mining,3,0.7825175,farmland,3,vegetation_context
FW_00781022,vegetation_no_prior,2023-03-12 07:36:00,23.6027,84.95718,336.96,2.13,0,0,0,0,0,3.3635013,kiln,3,2.3093553,forest_woodland,3,vegetation_context
FW_00059433,vegetation_no_prior,2022-03-02 20:37:00,13.15157,75.407,329.04,3.08,0,0,0,0,0,13.192917,power_plant,3,0.94608575,grassland,3,vegetation_context
FW_00773191,vegetation_no_prior,2023-03-11 07:55:00,21.76591,77.04457,349.56,5.67,0,0,0,0,0,54.28319,power_plant,3,1.7885072,forest_woodland,3,vegetation_context
FW_00858292,vegetation_no_prior,2023-04-10 06:53:00,24.41586,92.82318,335.82,4.41,0,0,0,0,0,8.955018,power_plant,3,2.1581116,forest_woodland,3,vegetation_context
FW_00669944,vegetation_no_prior,2023-02-18 07:48:00,22.6737,87.14977,330.84,2.08,0,0,0,0,0,15.778196,industrial_landuse,3,0.64184034,forest_woodland,3,vegetation_context
FW_00570901,vegetation_no_prior,2022-12-16 07:48:00,25.42712,83.59674,329.37,1.37,0,0,0,0,0,7.450939,industrial_landuse,3,2.9512856,forest,3,vegetation_context
FW_00065029,vegetation_no_prior,2022-03-05 07:08:00,15.32496,77.8394,345.99,18.11,0,0,0,0,0,9.594358,industrial_tag,3,1.5901067,scrub,3,vegetation_context
FW_00248212,vegetation_no_prior,2022-04-06 07:10:00,25.03114,83.18248,347.56,11.62,0,0,0,0,0,13.064908,mining,3,0.23687793,forest_woodland,3,vegetation_context
FW_00121204,vegetation_no_prior,2022-03-17 08:23:00,15.58303,74.52662,349.23,7.46,0,0,0,0,0,4.71681,mining,3,2.432171,forest_woodland,3,vegetation_context
FW_00432862,vegetation_no_prior,2022-06-06 08:07:00,30.28609,78.8701,343.82,8.08,0,0,0,0,0,6.272,power_plant,3,0.46352473,forest_woodland,3,vegetation_context
FW_00287141,vegetation_no_prior,2022-04-16 07:21:00,21.12791,85.71196,330.02,2.25,0,0,0,0,0,10.354421,mining,3,2.199393,forest_woodland,3,vegetation_context
FW_01226387,vegetation_no_prior,2024-02-18 07:04:00,25.58432,91.16931,347.62,7.52,0,0,0,0,0,41.670856,kiln,3,1.6148639,forest_woodland,3,vegetation_context
FW_00285124,vegetation_no_prior,2022-04-15 20:08:00,27.29452,82.75523,316.6,1.15,0,0,0,0,0,20.38711,industrial_landuse,3,2.6773698,farmland,3,vegetation_context
FW_01152908,vegetation_no_prior,2023-12-18 08:08:00,28.25077,80.81102,326.64,2.25,0,0,0,0,0,5.7622437,industrial_landuse,3,1.4282815,agricultural,2,vegetation_context
FW_00020914,vegetation_no_prior,2022-02-01 07:10:00,23.86241,74.40176,334.44,7.03,0,0,0,0,0,4.0579042,mining,3,1.2262031,forest_woodland,3,vegetation_context
FW_01595663,vegetation_no_prior,2024-06-12 07:47:00,22.80824,81.75872,341.84,4.15,0,0,0,0,0,14.293699,industrial_landuse,3,0.45558733,grassland,2,vegetation_context
FW_00658037,vegetation_no_prior,2023-02-14 07:24:00,22.78133,77.55283,332.1,1.32,0,0,0,0,0,9.412383,power_plant,3,1.3087109,forest_woodland,3,vegetation_context
FW_00327993,vegetation_no_prior,2022-04-24 08:14:00,29.77375,78.82295,342.73,7.85,0,0,0,0,0,20.008104,power_plant,3,0.942744,forest_woodland,3,vegetation_context
FW_01088535,vegetation_no_prior,2023-11-05 08:15:00,29.64675,75.85197,338.71,5.67,0,0,0,0,0,3.917671,industrial_landuse,3,0.69403434,farmland,3,vegetation_context
FW_00739934,vegetation_no_prior,2023-03-06 06:08:00,24.5067,94.12301,367.0,12.78,0,0,0,0,0,12.404657,industrial_landuse,3,1.3829845,farmland,3,vegetation_context
FW_00769739,vegetation_no_prior,2023-03-10 20:45:00,12.31756,75.42336,305.11,1.38,0,0,0,0,0,6.6760607,mining,3,1.0818484,farmland,3,vegetation_context
FW_01475772,vegetation_no_prior,2024-04-25 07:50:00,29.63114,79.58654,339.26,6.22,0,0,0,0,0,6.1431823,power_plant,3,1.6345625,forest_woodland,3,vegetation_context
FW_00748343,vegetation_no_prior,2023-03-06 20:18:00,19.03771,81.95108,303.86,0.89,0,0,0,0,0,10.910721,mining,3,0.4473731,forest_woodland,3,vegetation_context
FW_00183873,vegetation_no_prior,2022-03-28 06:38:00,23.71935,84.19462,331.29,1.82,0,0,0,0,0,16.311985,industrial_tag,3,2.8522453,forest_woodland,3,vegetation_context
FW_00661301,vegetation_no_prior,2023-02-15 08:43:00,14.04604,77.67068,341.29,28.68,0,0,0,0,0,7.876156,industrial_landuse,3,1.4603586,scrub,3,vegetation_context
FW_00915969,vegetation_no_prior,2023-04-18 07:40:00,10.75453,79.01555,343.02,5.08,0,0,0,0,0,3.0284653,industrial_tag,3,1.6490182,farmland,3,vegetation_context
FW_00790537,vegetation_no_prior,2023-03-13 07:18:00,26.80927,89.32594,337.42,4.84,0,0,0,0,0,3.779891,industrial_landuse,3,1.2272074,scrub,3,vegetation_context
FW_01582956,vegetation_no_prior,2024-05-25 08:27:00,30.40407,76.16943,350.81,10.47,0,0,0,0,0,4.3247504,industrial_landuse,3,2.0123005,grassland,2,vegetation_context
FW_00571904,vegetation_no_prior,2022-12-17 07:28:00,21.06363,82.16564,331.64,1.62,0,0,0,0,0,13.706863,industrial_landuse,3,2.7311175,scrub,3,vegetation_context
FW_00596160,vegetation_no_prior,2023-01-06 07:57:00,31.17574,77.49849,326.06,2.45,0,0,0,0,0,9.152274,industrial_landuse,3,1.9215047,forest_woodland,3,vegetation_context
FW_01145150,vegetation_no_prior,2023-12-13 08:00:00,21.87962,84.97665,333.38,3.69,0,0,0,0,0,6.1500573,industrial_landuse,3,2.1684067,forest_woodland,3,vegetation_context
FW_00427276,vegetation_no_prior,2022-05-31 20:44:00,30.63584,78.26132,305.93,0.55,0,0,0,0,0,6.3777575,power_plant,3,2.0527272,forest_woodland,3,vegetation_context
FW_00089799,vegetation_no_prior,2022-03-13 06:20:00,25.29004,91.70849,346.99,4.97,0,0,0,0,0,3.266585,industrial_tag,3,0.8015559,forest_woodland,3,vegetation_context
FW_00559244,vegetation_no_prior,2022-12-06 07:34:00,21.08057,82.63879,335.23,3.82,0,0,0,0,0,16.750256,industrial_landuse,3,2.1794312,forest_woodland,3,vegetation_context
FW_00628190,vegetation_no_prior,2023-02-01 08:09:00,28.71723,78.23563,335.89,7.2,0,0,0,0,0,10.393013,industrial_landuse,3,2.1145267,farmland,3,vegetation_context
FW_01552798,vegetation_no_prior,2024-05-13 07:11:00,27.11808,80.10213,339.69,5.05,0,0,0,0,0,19.259308,industrial_tag,3,2.6064882,scrub,3,vegetation_context
FW_01218652,vegetation_no_prior,2024-02-12 19:47:00,12.50618,76.74506,306.14,0.96,0,0,0,0,0,8.413954,industrial_landuse,3,2.882374,scrub,3,vegetation_context
FW_01013913,vegetation_no_prior,2023-05-26 07:29:00,20.35301,81.93349,343.04,5.6,0,0,0,0,0,56.433853,industrial_landuse,3,1.5218616,forest_woodland,3,vegetation_context
FW_00131446,vegetation_no_prior,2022-03-19 06:07:00,25.26687,92.27658,333.26,4.86,0,0,0,0,0,5.9678416,power_plant,3,1.3922099,forest_woodland,3,vegetation_context
FW_00823271,vegetation_no_prior,2023-03-29 07:18:00,24.78085,86.0062,338.22,2.31,0,0,0,0,0,19.760115,mining,3,2.5040996,forest_woodland,3,vegetation_context
FW_00734968,vegetation_no_prior,2023-03-05 08:07:00,18.56346,73.38876,347.45,4.67,0,0,0,0,0,7.2037487,mining,3,0.56694,farmland,3,vegetation_context
FW_01174547,vegetation_no_prior,2024-01-04 07:46:00,16.2732,80.59441,335.94,3.63,0,0,0,0,0,3.5700297,power_plant,3,1.2187009,farmland,3,vegetation_context
FW_00062498,vegetation_no_prior,2022-03-03 20:19:00,9.8264,76.75213,305.63,0.91,0,0,0,0,0,3.0946825,manufacturing,3,0.8718334,grassland,3,vegetation_context
FW_00906223,vegetation_no_prior,2023-04-16 08:23:00,29.52148,79.99408,337.14,6.95,0,0,0,0,0,30.662443,mining,3,0.99654,forest_woodland,3,vegetation_context
FW_00274689,vegetation_no_prior,2022-04-12 21:07:00,19.82003,74.50473,301.54,0.66,0,0,0,0,0,4.6126,industrial_landuse,3,1.5304481,scrub,3,vegetation_context
FW_01530387,vegetation_no_prior,2024-05-05 08:02:00,30.65242,77.75475,343.33,10.63,0,0,0,0,0,11.3393545,power_plant,3,2.871949,scrub,3,vegetation_context
FW_00594309,vegetation_no_prior,2023-01-04 08:32:00,23.1682,77.79816,333.73,8.44,0,0,0,0,0,7.3326893,mining,3,1.1365887,forest_woodland,3,vegetation_context
FW_00006244,vegetation_no_prior,2022-01-09 07:40:00,18.131,80.13565,332.45,5.15,0,0,0,0,0,7.0672355,industrial_landuse,3,0.88324726,orchard,3,vegetation_context
FW_00175288,vegetation_no_prior,2022-03-26 19:44:00,22.93769,83.4311,308.03,1.02,0,0,0,0,0,5.734484,industrial_landuse,3,2.0748322,forest_woodland,3,vegetation_context
FW_01555778,vegetation_no_prior,2024-05-13 08:53:00,31.26419,74.57423,367.0,10.04,0,0,0,0,0,13.574979,industrial_landuse,3,2.7114272,grassland,2,vegetation_context
FW_00252134,vegetation_no_prior,2022-04-07 08:30:00,19.14267,80.43414,332.78,1.26,0,0,0,0,0,52.56045,industrial_landuse,3,0.94305855,farmland,3,vegetation_context
FW_00303985,vegetation_no_prior,2022-04-19 08:06:00,23.97371,79.8269,355.86,18.26,0,0,0,0,0,41.80185,industrial_landuse,3,2.3659756,forest_woodland,3,vegetation_context
FW_01091569,vegetation_no_prior,2023-11-05 08:15:00,31.32217,75.71256,332.81,1.77,0,0,0,0,0,4.222206,industrial_tag,3,2.3223093,agricultural,2,vegetation_context
FW_01241807,vegetation_no_prior,2024-02-28 07:16:00,26.6027,93.43969,340.62,4.83,0,0,0,0,0,4.1679764,industrial_landuse,3,1.5185535,forest_woodland,3,vegetation_context
FW_01586596,vegetation_no_prior,2024-05-28 19:54:00,31.06051,77.20226,320.05,2.55,0,0,0,0,0,5.337501,industrial_landuse,3,0.2223872,forest_woodland,3,vegetation_context
FW_00632236,vegetation_no_prior,2023-02-03 07:30:00,26.43701,93.89989,346.69,2.92,0,0,0,0,0,3.2760108,industrial_tag,3,2.6283047,forest,3,vegetation_context
FW_00715208,vegetation_no_prior,2023-03-02 07:24:00,24.77456,87.37534,339.58,11.24,0,0,0,0,0,20.69714,mining,3,1.6369559,forest,3,vegetation_context
FW_01009448,vegetation_no_prior,2023-05-23 08:26:00,19.32337,73.94375,342.25,8.67,0,0,0,0,0,7.4063015,mining,3,1.8786498,scrub,3,vegetation_context
FW_01436993,vegetation_no_prior,2024-04-18 08:16:00,10.91886,79.11635,340.11,5.32,0,0,0,0,0,10.56169,industrial_landuse,3,2.9714367,grassland,2,vegetation_context
FW_01711930,vegetation_recurrent,2024-12-20 20:33:00,28.33852,77.21815,313.76,1.29,0,2,2,13,9,4.048241,industrial_landuse,3,1.4395839,forest_woodland,3,vegetation_context
FW_00401600,vegetation_recurrent,2022-05-10 20:40:00,23.7845,84.78255,306.21,0.79,2,4,4,6,6,6.7962365,mining,3,2.4803793,forest_woodland,3,vegetation_context
FW_01716183,vegetation_recurrent,2024-12-24 19:17:00,27.22307,95.34676,295.48,0.71,1,4,4,10,9,4.6189804,manufacturing,3,0.9033822,farmland,3,vegetation_context
FW_00953804,vegetation_recurrent,2023-04-28 20:23:00,23.61369,86.79018,310.37,2.07,2,4,7,38,23,5.03632,industrial_landuse,3,2.7690606,forest_woodland,3,vegetation_context
FW_00646409,vegetation_recurrent,2023-02-10 19:27:00,21.68386,85.43556,297.26,0.91,2,3,4,6,6,6.6382236,mining,3,2.6181986,forest_woodland,3,vegetation_context
FW_01141392,vegetation_recurrent,2023-12-09 20:03:00,23.61345,86.78924,303.4,1.54,1,2,2,30,20,5.134346,industrial_landuse,3,2.68363,forest_woodland,3,vegetation_context
FW_00682957,vegetation_recurrent,2023-02-23 20:22:00,23.61306,86.78828,313.29,2.33,3,8,13,48,24,5.2414093,industrial_landuse,3,2.6017475,forest_woodland,3,vegetation_context
FW_00089917,vegetation_recurrent,2022-03-13 06:20:00,26.79158,90.36459,332.23,5.95,0,8,10,14,6,12.920789,industrial_landuse,3,1.474155,forest_woodland,3,vegetation_context
FW_00554366,vegetation_recurrent,2022-12-02 19:38:00,23.61543,86.78825,307.14,1.5,5,16,20,55,30,5.139388,industrial_landuse,3,2.5347748,forest_woodland,3,vegetation_context
FW_00238433,vegetation_recurrent,2022-04-04 20:14:00,28.84585,77.21514,300.46,0.69,0,1,1,5,5,4.2552195,industrial_landuse,3,2.8351078,farmland,3,vegetation_context
FW_00022078,vegetation_recurrent,2022-02-02 19:18:00,25.51425,90.90927,296.61,0.98,3,4,5,22,14,54.316906,kiln,3,1.4061981,forest_woodland,3,vegetation_context
FW_01287908,vegetation_recurrent,2024-03-14 07:36:00,26.79115,90.38801,330.29,6.22,0,2,2,7,5,12.442861,mining,3,2.7923627,forest_woodland,3,vegetation_context
FW_01031037,vegetation_recurrent,2023-06-08 19:13:00,23.83215,84.92142,305.12,1.83,6,7,7,18,12,6.5469656,mining,3,2.4087374,forest_woodland,3,vegetation_context
FW_00729898,vegetation_recurrent,2023-03-04 19:13:00,23.61828,86.78967,304.47,0.84,4,14,19,55,28,4.8928447,industrial_landuse,3,2.6360943,forest_woodland,3,vegetation_context
FW_01478402,vegetation_recurrent,2024-04-25 20:20:00,10.22484,77.37141,298.65,0.57,0,0,4,13,6,12.701909,industrial_landuse,3,0.79317427,forest_woodland,3,vegetation_context
FW_01053774,vegetation_recurrent,2023-10-07 19:44:00,23.61292,86.7904,306.66,1.17,1,1,1,8,6,5.0524592,industrial_landuse,3,2.8133137,forest_woodland,3,vegetation_context
FW_01723522,vegetation_recurrent,2024-12-31 20:30:00,16.35884,81.2849,305.19,0.54,3,6,7,18,16,18.39087,industrial_tag,3,1.3344721,farmland,3,vegetation_context
FW_01420284,vegetation_recurrent,2024-04-14 20:22:00,23.83141,84.93465,310.63,1.92,0,8,11,38,20,5.2468667,mining,3,2.679153,forest_woodland,3,vegetation_context
FW_00729957,vegetation_recurrent,2023-03-04 19:13:00,23.83317,84.91769,301.48,1.39,5,9,10,14,11,6.902673,mining,3,2.5531058,forest_woodland,3,vegetation_context
FW_00402459,vegetation_recurrent,2022-05-11 20:21:00,22.39103,85.77131,299.58,2.93,0,0,1,6,6,3.9957297,industrial_landuse,3,0.6611852,scrub,3,vegetation_context
FW_01510298,vegetation_recurrent,2024-05-01 20:07:00,10.22577,77.39743,341.39,7.27,0,11,15,19,6,9.8555565,industrial_landuse,3,2.2294056,orchard,3,vegetation_context
FW_01195875,vegetation_recurrent,2024-01-24 20:40:00,23.61571,86.78791,295.67,1.41,1,3,7,39,22,5.1604443,industrial_landuse,3,2.4944987,forest_woodland,3,vegetation_context
FW_01425451,vegetation_recurrent,2024-04-15 20:04:00,18.78158,82.5636,325.31,1.49,1,1,3,7,5,6.395699,power_plant,3,1.9154211,forest_woodland,3,vegetation_context
FW_00587888,vegetation_recurrent,2022-12-28 19:51:00,23.61527,86.78883,309.52,1.05,4,9,16,56,27,5.091384,industrial_landuse,3,2.596207,forest_woodland,3,vegetation_context
FW_01057772,vegetation_recurrent,2023-10-14 19:12:00,23.6139,86.78931,315.42,1.62,4,10,11,15,11,5.107309,industrial_landuse,3,2.6774282,forest_woodland,3,vegetation_context
FW_01482504,vegetation_recurrent,2024-04-26 19:57:00,23.83221,84.92563,305.2,1.03,2,7,8,29,20,6.124558,mining,3,2.4502654,forest_woodland,3,vegetation_context
FW_01594191,vegetation_recurrent,2024-06-10 20:52:00,23.82998,84.92115,307.18,2.68,16,29,29,99,24,6.620468,mining,3,2.167982,forest_woodland,3,vegetation_context
FW_01324754,vegetation_recurrent,2024-03-26 19:38:00,23.82166,84.93649,312.41,1.4,6,11,11,24,13,5.432827,mining,3,1.9604626,forest_woodland,3,vegetation_context
FW_00267376,vegetation_recurrent,2022-04-10 07:35:00,23.61886,84.09727,348.05,8.0,3,11,11,11,5,15.019452,mining,3,0.9791997,forest_woodland,3,vegetation_context
FW_01167062,vegetation_recurrent,2023-12-28 19:05:00,27.53658,95.40046,295.84,0.45,0,1,1,5,5,5.916344,industrial_tag,3,1.9779009,farmland,3,vegetation_context
FW_01181731,vegetation_recurrent,2024-01-10 20:03:00,22.31293,82.73714,304.67,1.25,5,15,20,35,20,3.2881894,industrial_landuse,3,1.5131662,scrub,3,vegetation_context
FW_00670459,vegetation_recurrent,2023-02-18 20:16:00,23.61532,86.78769,306.02,1.29,3,12,16,53,26,5.1973515,industrial_landuse,3,2.4809082,forest_woodland,3,vegetation_context
FW_00112007,vegetation_recurrent,2022-03-15 19:49:00,27.26018,92.52655,298.62,1.0,1,5,17,17,6,9.605988,industrial_landuse,3,1.5855279,farmland,3,vegetation_context
FW_00015954,vegetation_recurrent,2022-01-27 19:31:00,23.61268,86.79043,299.53,0.89,0,4,7,35,17,5.0613494,industrial_landuse,3,2.8237991,forest_woodland,3,vegetation_context
FW_01479149,vegetation_recurrent,2024-04-26 07:28:00,18.63497,79.74393,347.41,4.67,4,4,4,9,5,8.261409,industrial_tag,3,1.1385914,forest_woodland,3,vegetation_context
FW_00936272,vegetation_recurrent,2023-04-20 07:06:00,25.92019,91.62694,340.52,3.52,0,1,2,9,5,14.832594,power_plant,3,2.4139433,forest_woodland,3,vegetation_context
FW_00655332,vegetation_recurrent,2023-02-13 20:10:00,23.61525,86.78873,309.16,2.02,5,13,18,53,25,5.102336,industrial_landuse,3,2.5860102,forest_woodland,3,vegetation_context
FW_01709632,vegetation_recurrent,2024-12-18 19:30:00,25.54143,91.23515,301.53,0.62,0,0,0,6,6,44.730183,mining,3,0.30155337,forest_woodland,3,vegetation_context
FW_00447340,vegetation_recurrent,2022-09-16 20:22:00,23.61355,86.7878,311.33,1.83,0,0,0,8,7,5.2629886,industrial_landuse,3,2.5399833,forest_woodland,3,vegetation_context
FW_01200832,vegetation_recurrent,2024-01-29 20:46:00,23.61197,86.78944,295.71,0.77,5,7,9,40,23,5.186863,industrial_landuse,3,2.7513947,forest_woodland,3,vegetation_context
FW_01175183,vegetation_recurrent,2024-01-04 07:47:00,22.31371,82.73841,331.69,2.64,8,15,17,24,15,3.1592329,industrial_landuse,3,1.4749955,scrub,3,vegetation_context
FW_00028623,vegetation_recurrent,2022-02-09 18:46:00,25.51098,90.90565,295.55,1.77,2,7,10,20,13,54.7994,kiln,3,1.4137095,forest_woodland,3,vegetation_context
FW_00558387,vegetation_recurrent,2022-12-05 20:21:00,25.51967,90.90396,301.68,1.32,18,34,47,62,14,53.99688,kiln,3,0.64940965,forest_woodland,3,vegetation_context
FW_00544751,vegetation_recurrent,2022-11-25 20:09:00,23.61155,86.78789,299.35,1.09,4,13,17,50,28,5.349134,industrial_landuse,3,2.6187263,forest_woodland,3,vegetation_context
FW_01430744,vegetation_recurrent,2024-04-16 19:44:00,23.8318,84.93571,306.37,0.99,6,10,14,41,21,5.1318054,mining,3,2.7713482,forest_woodland,3,vegetation_context
FW_00826000,vegetation_recurrent,2023-03-30 08:37:00,14.14473,75.30679,337.49,2.66,0,0,0,11,5,13.025351,industrial_landuse,3,1.7324507,forest_woodland,3,vegetation_context
FW_00580799,vegetation_recurrent,2022-12-22 20:03:00,23.613,86.78871,303.5,1.03,4,19,26,60,27,5.2039213,industrial_landuse,3,2.6460452,forest_woodland,3,vegetation_context
FW_01308031,vegetation_recurrent,2024-03-21 19:31:00,23.61683,86.78938,304.06,1.05,1,2,8,31,18,4.9755764,industrial_landuse,3,2.6228046,forest_woodland,3,vegetation_context
FW_01126072,vegetation_recurrent,2023-11-21 08:12:00,18.63071,77.80321,342.4,3.27,0,5,5,7,5,8.856435,industrial_landuse,3,2.4155009,farmland,3,vegetation_context
FW_01502593,vegetation_recurrent,2024-05-01 07:32:00,10.26,77.37665,367.0,10.68,9,15,15,15,6,12.766315,industrial_landuse,3,1.5332929,forest_woodland,3,vegetation_context
FW_01673716,vegetation_recurrent,2024-11-25 20:02:00,23.61542,86.79113,306.46,1.24,4,12,18,35,18,4.869269,industrial_landuse,3,2.822906,forest_woodland,3,vegetation_context
FW_01617696,vegetation_recurrent,2024-10-14 19:49:00,23.61499,86.7912,311.94,2.3,2,8,11,21,15,4.8818803,industrial_landuse,3,2.8386114,forest_woodland,3,vegetation_context
FW_00537614,vegetation_recurrent,2022-11-20 20:03:00,23.61174,86.78935,295.1,0.64,5,14,19,47,27,5.205957,industrial_landuse,3,2.7516694,forest_woodland,3,vegetation_context
FW_00562308,vegetation_recurrent,2022-12-08 19:24:00,25.51462,90.90467,302.91,0.74,17,44,51,79,16,54.474133,kiln,3,1.0324863,forest_woodland,3,vegetation_context
FW_00251496,vegetation_recurrent,2022-04-07 06:51:00,25.76701,90.97831,333.81,2.78,0,0,0,11,5,26.461147,kiln,3,0.7781512,forest_woodland,3,vegetation_context
FW_00570246,vegetation_recurrent,2022-12-16 07:47:00,21.01145,81.5955,337.87,4.41,0,1,2,5,5,3.6346169,industrial_landuse,3,0.5952896,farmland,3,vegetation_context
FW_01042787,vegetation_recurrent,2023-07-12 20:16:00,23.83106,84.92085,308.43,1.65,1,3,4,23,11,6.6258183,mining,3,2.2887833,forest_woodland,3,vegetation_context
FW_00806779,vegetation_recurrent,2023-03-20 19:14:00,23.61548,86.79009,307.31,0.61,3,6,9,46,23,4.96397,industrial_landuse,3,2.7176883,forest_woodland,3,vegetation_context
FW_00044702,vegetation_recurrent,2022-02-21 20:02:00,23.6151,86.7891,307.79,1.28,2,9,15,37,22,5.07348,industrial_landuse,3,2.6266565,forest_woodland,3,vegetation_context
FW_01478403,vegetation_recurrent,2024-04-25 20:20:00,10.22762,77.3971,300.29,1.02,13,14,18,18,5,9.89734,industrial_landuse,3,2.259077,orchard,3,vegetation_context
FW_00821166,vegetation_recurrent,2023-03-28 20:04:00,23.61294,86.7895,315.13,2.1,1,6,9,40,21,5.134296,industrial_landuse,3,2.7246785,forest_woodland,3,vegetation_context
FW_01233499,vegetation_recurrent,2024-02-21 20:18:00,15.96397,80.93804,315.46,0.93,2,7,8,17,14,5.5680842,industrial_tag,3,2.7574897,farmland,3,vegetation_context
FW_01722279,vegetation_recurrent,2024-12-30 20:49:00,16.36221,81.28306,299.05,0.26,3,5,6,18,16,18.64811,industrial_tag,3,0.9458392,farmland,3,vegetation_context
FW_01583291,vegetation_recurrent,2024-05-25 19:12:00,23.84061,84.95432,321.67,2.81,10,13,14,57,24,3.1044872,mining,3,2.6069047,forest_woodland,3,vegetation_context
FW_01153031,vegetation_recurrent,2023-12-18 18:53:00,23.61447,86.78799,297.41,1.43,5,13,17,33,22,5.2053,industrial_landuse,3,2.5315266,forest_woodland,3,vegetation_context
FW_01691946,vegetation_recurrent,2024-12-10 20:23:00,16.35924,81.28371,310.34,0.79,0,4,7,12,11,18.376923,industrial_tag,3,1.2126293,farmland,3,vegetation_context
FW_01277925,vegetation_recurrent,2024-03-12 20:40:00,23.61679,86.78826,309.21,2.53,4,11,15,37,20,5.0841312,industrial_landuse,3,2.5101802,forest_woodland,3,vegetation_context
FW_00442034,vegetation_recurrent,2022-07-05 07:22:00,23.61684,86.78972,333.95,4.11,3,4,4,7,5,4.9432316,industrial_landuse,3,2.656579,forest_woodland,3,vegetation_context
FW_01210184,vegetation_recurrent,2024-02-07 19:38:00,23.61574,86.79078,305.68,2.31,1,7,11,35,21,4.888301,industrial_landuse,3,2.781553,forest_woodland,3,vegetation_context
FW_00426075,vegetation_recurrent,2022-05-29 19:43:00,23.82796,84.91589,307.73,1.1,9,13,15,22,12,7.1913977,mining,3,2.0271075,forest_woodland,3,vegetation_context
FW_01151558,vegetation_recurrent,2023-12-17 19:11:00,26.77441,94.50627,301.76,0.47,3,6,6,10,9,6.8697968,industrial_landuse,3,1.0531888,forest_woodland,3,vegetation_context
FW_01381084,vegetation_recurrent,2024-04-05 19:50:00,23.82231,84.93605,316.45,1.37,2,11,14,35,17,5.4432206,mining,3,1.9732686,forest_woodland,3,vegetation_context
FW_00574813,vegetation_recurrent,2022-12-18 19:39:00,21.68336,85.43758,295.9,0.53,2,5,5,11,11,6.4246006,mining,3,2.6889875,forest_woodland,3,vegetation_context
FW_01662142,vegetation_recurrent,2024-11-19 20:15:00,21.96249,83.77659,306.33,1.13,4,8,8,16,11,4.2521605,mining,3,2.7710302,forest_woodland,3,vegetation_context
FW_00566863,vegetation_recurrent,2022-12-13 19:32:00,21.68258,85.4366,300.8,0.52,1,1,1,8,8,6.48555,mining,3,2.7659926,forest_woodland,3,vegetation_context
FW_01031036,vegetation_recurrent,2023-06-08 19:13:00,23.82872,84.91524,310.17,1.74,6,7,7,21,13,7.237944,mining,3,2.1276367,forest_woodland,3,vegetation_context
FW_01124308,vegetation_recurrent,2023-11-19 19:38:00,23.61361,86.78815,316.69,2.31,2,10,14,43,25,5.228344,industrial_landuse,3,2.5717952,forest_woodland,3,vegetation_context
FW_01041798,vegetation_recurrent,2023-07-04 19:26:00,23.61545,86.78785,304.16,1.18,1,2,2,11,9,5.176843,industrial_landuse,3,2.4939728,forest_woodland,3,vegetation_context
FW_00940612,vegetation_recurrent,2023-04-21 19:14:00,23.84511,84.94903,323.27,2.37,6,9,9,9,6,3.6464224,mining,3,2.7528737,forest_woodland,3,vegetation_context
FW_00077841,vegetation_recurrent,2022-03-09 20:02:00,23.61482,86.78916,306.8,0.97,4,7,10,34,22,5.0798554,industrial_landuse,3,2.639261,forest_woodland,3,vegetation_context
FW_00551968,vegetation_recurrent,2022-11-30 20:15:00,25.50404,90.9132,299.56,0.66,2,5,5,5,5,55.189934,kiln,3,1.8107966,forest_woodland,3,vegetation_context
FW_01525144,vegetation_recurrent,2024-05-04 20:45:00,29.90467,79.38103,313.81,2.33,0,3,4,9,5,11.717205,power_plant,3,1.8580878,forest_woodland,3,vegetation_context
FW_01106549,vegetation_recurrent,2023-11-12 07:44:00,30.03488,75.91287,332.7,1.36,0,2,3,5,5,9.543796,industrial_landuse,3,2.5134337,farmland,3,vegetation_context
FW_00570115,vegetation_recurrent,2022-12-16 07:47:00,18.58992,77.82816,333.46,2.9,0,0,0,10,5,8.689691,industrial_landuse,3,1.7912385,scrub,3,vegetation_context
FW_00810002,vegetation_recurrent,2023-03-23 19:58:00,23.61362,86.79104,319.21,1.32,2,7,9,46,23,4.9599805,industrial_landuse,3,2.8560538,forest_woodland,3,vegetation_context
FW_01612479,vegetation_recurrent,2024-09-29 19:30:00,23.61478,86.79219,304.5,0.6,0,1,1,13,10,4.799209,industrial_landuse,3,2.9422662,forest_woodland,3,vegetation_context
FW_01627147,vegetation_recurrent,2024-10-28 20:27:00,23.83288,84.92342,303.16,0.8,0,1,2,7,5,6.3318706,mining,3,2.4969358,forest_woodland,3,vegetation_context
FW_00022079,vegetation_recurrent,2022-02-02 19:18:00,25.51888,90.90437,295.12,0.98,3,4,5,23,14,54.058422,kiln,3,0.720347,forest_woodland,3,vegetation_context
FW_00555095,vegetation_recurrent,2022-12-03 19:18:00,25.51551,90.90509,301.95,1.19,12,30,43,45,11,54.36658,kiln,3,0.99117076,forest_woodland,3,vegetation_context
FW_01439363,vegetation_recurrent,2024-04-18 08:19:00,23.82373,84.93936,330.25,2.92,6,9,10,37,19,5.071215,mining,3,2.3321643,forest_woodland,3,vegetation_context
FW_00528058,vegetation_recurrent,2022-11-16 08:53:00,30.45164,73.98557,336.5,5.54,0,8,15,16,6,4.838709,industrial_landuse,3,1.9290841,grassland,2,vegetation_context
FW_01260021,vegetation_recurrent,2024-03-07 20:34:00,23.61414,86.78452,301.55,0.69,4,5,7,35,19,5.545621,industrial_landuse,3,2.2009218,forest_woodland,3,vegetation_context
FW_00532370,vegetation_recurrent,2022-11-18 08:15:00,29.60585,74.33602,342.66,25.24,1,3,4,6,5,5.211319,industrial_tag,3,2.9317737,grassland,2,vegetation_context
FW_00991581,vegetation_recurrent,2023-05-14 20:24:00,20.10189,79.03433,317.6,3.57,3,6,6,14,10,3.6276832,mining,3,0.6474146,forest,3,vegetation_context
FW_00441708,vegetation_recurrent,2022-06-29 20:02:00,23.83201,84.91862,310.14,0.93,0,3,3,13,10,6.8300967,mining,3,2.4121404,forest_woodland,3,vegetation_context
FW_00509710,vegetation_recurrent,2022-11-10 09:06:00,29.97504,75.72594,331.63,6.57,0,3,6,7,6,3.0275686,industrial_landuse,3,2.3152006,forest,3,vegetation_context
FW_01672610,vegetation_recurrent,2024-11-25 07:34:00,23.47463,80.05153,330.02,2.66,3,5,5,6,5,5.220274,industrial_landuse,3,1.4967794,farmland,3,vegetation_context
FW_00390395,vegetation_recurrent,2022-05-06 20:15:00,23.83021,84.92467,307.78,1.0,0,3,5,6,5,6.2656336,mining,3,2.21531,forest_woodland,3,vegetation_context
FW_01501845,vegetation_recurrent,2024-04-30 20:22:00,23.84046,84.9526,315.3,3.29,9,14,16,40,20,3.2806003,mining,3,2.7707477,forest_woodland,3,vegetation_context
FW_00046766,vegetation_recurrent,2022-02-23 06:58:00,26.79832,90.37778,339.46,6.38,0,2,6,12,5,11.97465,industrial_landuse,3,2.618651,forest_woodland,3,vegetation_context
FW_00924493,mixed,2023-04-18 20:11:00,23.76829,86.37617,311.57,4.49,0,4,5,41,19,0.49755096,mining,3,2.7738488,scrub,3,mixed_context
FW_00609188,mixed,2023-01-16 08:05:00,13.09416,77.64611,333.46,1.98,0,0,0,0,0,0.8402243,industrial_landuse,3,0.13612203,scrub,3,mixed_context
FW_00250254,mixed,2022-04-06 21:16:00,29.12531,75.77838,308.54,2.41,0,2,5,12,11,0.17988363,industrial_landuse,3,0.50509036,farmland,3,mixed_context
FW_00482488,mixed,2022-11-01 21:01:00,21.15221,72.7378,310.67,1.59,0,0,0,4,2,0.71438545,industrial_landuse,3,2.936348,grassland,2,mixed_context
FW_00041764,mixed,2022-02-19 18:59:00,23.7517,86.42092,299.34,2.16,16,29,38,93,23,1.6216595,mining,3,1.6976569,scrub,3,mixed_context
FW_01170655,mixed,2023-12-31 07:22:00,23.78157,86.20832,350.27,6.62,20,45,65,151,25,0.8268213,mining,3,1.7080249,forest_woodland,3,mixed_context
FW_00566812,mixed,2022-12-13 19:32:00,20.94392,86.05491,300.94,0.94,3,13,18,63,25,0.34951884,industrial_tag,3,1.3787134,forest_woodland,3,mixed_context
FW_00652689,mixed,2023-02-13 07:40:00,13.11888,77.49005,343.5,5.46,0,0,0,0,0,1.2959038,industrial_landuse,3,0.46197668,orchard,3,mixed_context
FW_00940579,mixed,2023-04-21 19:14:00,23.55524,87.24033,307.14,1.84,0,14,23,107,26,0.86570865,industrial_landuse,3,2.9375494,farmland,3,mixed_context
FW_01566367,mixed,2024-05-16 07:56:00,31.85516,75.37511,345.65,3.98,2,2,2,2,2,2.8254051,industrial_landuse,3,2.9243162,farmland,3,mixed_context
FW_00455928,mixed,2022-10-18 20:22:00,24.14231,82.56425,307.12,0.76,1,1,1,2,2,2.4062393,mining,3,1.6616322,forest_woodland,3,mixed_context
FW_01235181,mixed,2024-02-22 19:59:00,15.659,73.98672,307.03,0.81,2,5,7,24,21,0.26765117,industrial_landuse,3,0.49477747,forest_woodland,3,mixed_context
FW_00983768,mixed,2023-05-12 08:36:00,31.97084,75.35356,342.21,6.62,0,0,0,0,0,2.2445166,industrial_tag,3,1.5413768,forest,3,mixed_context
FW_00604500,mixed,2023-01-11 20:29:00,23.76814,86.37688,297.49,2.46,4,19,26,57,23,0.4277887,mining,3,2.8478992,scrub,3,mixed_context
FW_01147580,mixed,2023-12-14 20:09:00,24.56602,81.0041,298.75,0.52,1,3,3,11,11,0.21787673,industrial_landuse,3,0.093197346,grassland,2,mixed_context
FW_01585442,mixed,2024-05-27 20:15:00,24.16173,82.607,310.63,0.33,4,10,13,36,20,2.6183338,mining,3,2.6102312,forest_woodland,3,mixed_context
FW_00687749,mixed,2023-02-24 20:04:00,23.75215,86.41878,309.1,0.95,5,20,26,84,27,1.6489247,mining,3,1.9154005,scrub,3,mixed_context
FW_01581010,mixed,2024-05-23 19:50:00,22.37879,87.27633,322.88,1.8,4,7,8,56,22,0.76164323,industrial_landuse,3,2.1360903,farmland,3,mixed_context
FW_00715493,mixed,2023-03-02 07:24:00,26.62916,93.48977,348.76,34.7,0,0,0,0,0,2.246215,industrial_landuse,3,0.27011585,forest_woodland,3,mixed_context
FW_00618981,mixed,2023-01-24 19:45:00,22.06323,88.11929,308.83,0.88,2,8,12,42,21,0.5151367,industrial_landuse,3,0.26905546,forest,3,mixed_context
FW_00451139,mixed,2022-10-07 08:01:00,23.77634,86.21088,332.83,3.8,4,6,13,28,9,1.1710869,mining,3,2.1150548,forest_woodland,3,mixed_context
FW_00425894,mixed,2022-05-29 07:18:00,30.75021,74.53265,352.71,8.23,0,0,0,1,1,1.9927315,industrial_tag,3,1.8456472,forest,3,mixed_context
FW_00459424,mixed,2022-10-22 19:07:00,23.67618,86.10211,307.18,1.65,2,2,2,25,11,0.7449148,industrial_tag,3,0.5304188,forest,3,mixed_context
FW_00112257,mixed,2022-03-15 19:50:00,23.7797,86.37072,312.63,1.62,5,16,20,69,29,0.34138358,mining,3,2.281975,scrub,3,mixed_context
FW_00438244,mixed,2022-06-13 20:02:00,21.87531,83.49583,311.19,0.94,0,1,1,1,1,0.19656192,industrial_landuse,3,2.4979045,forest,3,mixed_context
FW_00726411,mixed,2023-03-04 08:24:00,13.39213,78.02642,332.16,4.19,0,0,0,2,1,2.4374475,industrial_landuse,3,1.6776487,scrub,3,mixed_context
FW_00958050,mixed,2023-05-05 07:22:00,16.21921,81.22542,340.78,11.53,0,0,0,0,0,1.8841791,industrial_tag,3,1.3154427,forest_woodland,3,mixed_context
FW_01182281,mixed,2024-01-11 07:16:00,23.67373,86.10874,330.77,1.23,2,3,4,13,12,1.1990937,industrial_tag,3,0.54539365,grassland,3,mixed_context
FW_00170158,mixed,2022-03-26 07:16:00,22.53645,77.78557,330.63,2.58,4,4,4,4,1,1.9356437,industrial_landuse,3,1.9267621,forest_woodland,3,mixed_context
FW_01611062,mixed,2024-09-19 21:02:00,13.15969,80.28875,310.29,1.39,3,3,6,8,4,0.5001786,industrial_landuse,3,1.6416945,grassland,3,mixed_context
FW_01043082,mixed,2023-07-16 20:41:00,23.77953,86.34365,308.18,1.76,0,4,13,27,10,0.5635928,mining,3,0.9172205,scrub,3,mixed_context
FW_01102384,mixed,2023-11-10 06:39:00,23.55338,87.24123,327.82,2.68,14,29,41,118,29,0.7025406,industrial_landuse,3,2.8186362,farmland,3,mixed_context
FW_00021469,mixed,2022-02-01 19:40:00,14.26189,77.27467,303.47,1.44,2,2,2,2,1,2.7007163,industrial_landuse,3,2.3476484,scrub,3,mixed_context
FW_00436715,mixed,2022-06-11 08:14:00,31.3673,76.37132,337.0,3.45,0,0,0,0,0,1.2758822,industrial_landuse,3,0.91715866,forest_woodland,3,mixed_context
FW_00611056,mixed,2023-01-17 20:17:00,21.2471,79.22268,310.84,1.26,2,6,8,33,24,0.5447803,mining,3,1.5901016,farmland,3,mixed_context
FW_01586858,mixed,2024-05-28 19:56:00,22.79454,86.20905,313.01,1.07,0,5,5,33,14,0.03938928,industrial_landuse,3,2.4004498,forest_woodland,3,mixed_context
FW_01210236,mixed,2024-02-07 19:38:00,23.73472,86.43114,310.51,1.48,8,15,19,51,25,0.4965032,mining,3,2.0371375,scrub,3,mixed_context
FW_01222542,mixed,2024-02-16 06:01:00,26.76279,94.79442,367.0,9.49,0,0,0,0,0,2.607433,mining,3,1.894141,forest_woodland,3,mixed_context
FW_01630918,mixed,2024-11-01 08:26:00,30.08645,74.9191,335.11,3.95,0,0,0,0,0,1.8651309,industrial_landuse,3,1.9214095,orchard,3,mixed_context
FW_00539007,mixed,2022-11-21 19:45:00,22.03958,83.73833,308.16,2.12,7,15,19,35,21,1.8485239,mining,3,1.3754569,forest_woodland,3,mixed_context
FW_00291127,mixed,2022-04-16 19:50:00,23.06926,77.75002,318.42,1.6,1,1,1,1,1,2.643629,mining,3,0.46239835,forest_woodland,3,mixed_context
FW_01338215,mixed,2024-03-29 20:22:00,24.52862,81.16783,308.99,1.24,0,1,1,3,3,0.22269909,industrial_landuse,3,0.9617009,forest,3,mixed_context
FW_00416080,mixed,2022-05-21 08:04:00,17.5389,73.52683,337.0,2.8,0,0,0,0,0,1.8614078,industrial_tag,3,2.9475598,forest_woodland,3,mixed_context
FW_00548725,mixed,2022-11-28 20:54:00,20.94676,86.05678,297.99,2.29,10,17,21,68,25,0.54876876,industrial_tag,3,1.7400787,forest_woodland,3,mixed_context
FW_00649293,mixed,2023-02-12 07:59:00,13.07108,77.36553,335.24,1.45,0,0,0,0,0,0.23787361,industrial_landuse,3,1.8010154,orchard,3,mixed_context
FW_01520679,mixed,2024-05-03 19:25:00,23.68039,86.09325,309.98,2.99,12,24,27,74,23,0.17132653,industrial_tag,3,0.82872343,forest,3,mixed_context
FW_00998057,mixed,2023-05-16 19:45:00,23.81045,85.53246,307.98,1.6,0,3,3,4,4,0.79774076,mining,3,0.3422428,forest_woodland,3,mixed_context
FW_01256490,mixed,2024-03-06 08:24:00,18.28151,73.20291,345.88,5.58,2,2,2,2,1,2.1324058,mining,3,0.6855953,forest_woodland,3,mixed_context
FW_01616073,mixed,2024-10-11 08:20:00,29.71088,75.91648,332.98,3.55,0,0,0,0,0,1.474376,power_plant,3,1.2352936,farmland,3,mixed_context
FW_00271702,mixed,2022-04-11 19:43:00,24.14632,82.56556,306.44,0.78,3,7,7,11,9,1.9421084,mining,3,1.4018801,forest_woodland,3,mixed_context
FW_00484308,mixed,2022-11-02 08:15:00,30.24999,75.90105,333.43,7.5,1,1,1,1,1,0.08222681,industrial_landuse,3,2.613791,farmland,3,mixed_context
FW_00022143,mixed,2022-02-02 19:19:00,21.48601,81.76783,300.18,0.68,4,12,15,32,23,0.06916943,industrial_landuse,3,0.5032766,farmland,3,mixed_context
FW_01592911,mixed,2024-06-09 08:46:00,29.94926,78.71208,367.0,20.38,0,0,0,0,0,2.3497286,mining,3,1.4735634,forest_woodland,3,mixed_context
FW_00535647,mixed,2022-11-19 20:22:00,22.78595,86.20308,317.3,2.03,8,25,44,147,26,0.4995495,industrial_landuse,3,1.7925295,forest_woodland,3,mixed_context
FW_01433192,mixed,2024-04-17 08:36:00,13.67053,79.39962,351.9,4.53,2,2,2,2,1,2.9246118,industrial_tag,3,2.484308,forest_woodland,3,mixed_context
FW_01707979,mixed,2024-12-17 19:50:00,22.96386,85.99728,297.91,0.45,0,0,0,0,0,0.086120605,industrial_landuse,3,2.6506767,forest_woodland,3,mixed_context
FW_00271664,mixed,2022-04-11 19:43:00,23.74336,85.50533,313.0,2.46,2,7,7,16,14,1.1151326,mining,3,1.0211513,forest_woodland,3,mixed_context
FW_00436928,mixed,2022-06-11 20:38:00,32.19184,76.29547,307.01,1.17,0,0,0,1,1,2.2406323,manufacturing,3,1.5191222,farmland,3,mixed_context
FW_01184052,mixed,2024-01-12 19:25:00,23.67476,86.08391,299.61,1.84,14,20,24,75,29,0.25610077,industrial_tag,3,1.616144,forest,3,mixed_context
FW_00606960,mixed,2023-01-13 19:51:00,23.75189,86.41661,326.5,2.21,6,22,28,84,29,1.7745041,mining,3,2.1359844,scrub,3,mixed_context
FW_00066522,mixed,2022-03-05 19:37:00,23.78122,86.37209,309.95,2.37,7,20,21,70,27,0.13318318,mining,3,2.470714,scrub,3,mixed_context
FW_01591733,mixed,2024-06-07 20:08:00,23.82315,85.49885,316.11,3.02,1,1,1,19,12,0.67579365,mining,3,1.5901581,forest_woodland,3,mixed_context
FW_00626069,mixed,2023-01-30 08:44:00,19.13857,73.27248,341.4,4.49,0,0,1,1,1,2.0663705,industrial_landuse,3,2.7842002,scrub,3,mixed_context
FW_01189873,mixed,2024-01-16 19:52:00,20.12905,73.75742,299.51,0.93,0,0,0,0,0,2.981694,power_plant,3,1.3288171,forest_woodland,3,mixed_context
FW_00582399,mixed,2022-12-23 19:44:00,24.16395,82.67788,308.65,0.95,5,13,15,42,22,2.0933201,mining,3,2.0592978,forest_woodland,3,mixed_context
FW_00736451,mixed,2023-03-05 08:07:00,21.98829,83.15107,334.25,1.81,0,0,0,2,2,1.8182523,industrial_landuse,3,1.075332,forest,3,mixed_context
FW_01254899,mixed,2024-03-05 19:31:00,24.16066,82.67207,300.0,0.34,1,1,1,7,6,1.6363853,mining,3,2.1652205,forest_woodland,3,mixed_context
FW_01186989,mixed,2024-01-14 08:01:00,22.95068,72.5814,331.25,1.74,0,0,0,0,0,0.30697346,industrial_landuse,3,1.1232044,forest_woodland,3,mixed_context
FW_00718092,mixed,2023-03-02 19:53:00,18.85324,72.92035,311.86,2.3,5,11,15,43,23,1.626876,industrial_landuse,3,1.8075938,forest_woodland,3,mixed_context
FW_00822501,mixed,2023-03-29 07:17:00,22.4347,88.30801,337.13,4.16,0,0,0,0,0,1.9656699,industrial_tag,3,1.5612658,grassland,2,mixed_context
FW_00408656,mixed,2022-05-15 08:20:00,30.12023,76.20444,347.42,11.87,0,0,0,1,1,1.4681281,industrial_landuse,3,1.166212,agricultural,2,mixed_context
FW_01681232,mixed,2024-12-01 19:49:00,23.77054,86.20473,301.85,0.72,13,32,42,113,26,1.192264,mining,3,2.9542303,forest_woodland,3,mixed_context
FW_01615291,mixed,2024-10-08 20:02:00,22.58703,85.9071,306.71,1.33,5,6,6,10,6,0.17386687,industrial_landuse,3,2.3170204,scrub,3,mixed_context
FW_00591664,mixed,2023-01-01 07:47:00,15.6946,73.79147,335.96,3.33,0,0,0,0,0,0.69637126,industrial_landuse,3,0.7529406,grassland,3,mixed_context
FW_01525878,mixed,2024-05-04 20:46:00,29.32272,76.88569,304.86,1.47,5,5,5,5,1,2.2545044,industrial_landuse,3,0.50388056,forest,3,mixed_context
FW_01238912,mixed,2024-02-25 20:41:00,24.60417,73.81677,298.46,0.62,1,2,2,5,5,0.17347358,industrial_landuse,3,1.078785,forest_woodland,3,mixed_context
FW_00603010,mixed,2023-01-10 20:48:00,21.17961,81.37389,300.23,2.53,1,2,3,6,5,1.3728145,industrial_landuse,3,1.4718534,forest,3,mixed_context
FW_01337870,mixed,2024-03-29 20:22:00,22.05735,88.12618,306.86,1.55,1,9,15,52,21,0.30658,industrial_landuse,3,0.941457,forest,3,mixed_context
FW_01430690,mixed,2024-04-16 19:44:00,23.75204,86.41646,321.08,3.61,1,2,2,33,13,1.7678725,mining,3,2.1514304,scrub,3,mixed_context
FW_00319316,mixed,2022-04-23 08:30:00,19.03046,73.45828,345.53,12.18,0,0,0,0,0,1.4987446,industrial_landuse,3,1.9518927,forest_woodland,3,mixed_context
FW_00613251,mixed,2023-01-20 06:51:00,22.0646,88.11926,335.24,3.95,0,3,9,30,15,0.48446968,industrial_landuse,3,0.22550766,forest,3,mixed_context
FW_00063469,mixed,2022-03-04 07:28:00,19.2705,73.42445,367.0,12.11,0,0,0,0,0,2.519837,manufacturing,3,1.3375862,forest_woodland,3,mixed_context
FW_01148955,mixed,2023-12-15 19:50:00,22.327,82.68605,306.24,1.76,2,7,7,20,17,2.0947063,mining,3,0.995046,forest_woodland,3,mixed_context
FW_00619194,mixed,2023-01-24 19:46:00,20.83435,86.9663,301.54,1.15,7,17,24,115,31,1.1321856,industrial_landuse,3,2.709165,grassland,2,mixed_context
FW_00550451,mixed,2022-11-29 20:36:00,18.73649,79.52962,307.6,1.47,5,8,9,18,12,0.3661828,mining,3,1.5892467,grassland,3,mixed_context
FW_00046213,mixed,2022-02-22 19:44:00,21.48505,81.76646,299.98,0.42,4,6,11,42,27,0.22981133,industrial_landuse,3,0.3580827,farmland,3,mixed_context
FW_00947245,mixed,2023-04-24 19:58:00,24.16561,82.67749,314.61,1.61,1,3,3,19,15,2.1552427,mining,3,1.8836354,forest_woodland,3,mixed_context
FW_00684829,mixed,2023-02-24 07:34:00,17.62755,82.94378,335.5,1.93,0,0,0,0,0,1.7191617,industrial_landuse,3,2.2059743,scrub,3,mixed_context
FW_01300607,mixed,2024-03-18 06:20:00,25.00252,92.90611,325.92,2.19,0,0,0,0,0,1.4086707,mining,3,2.1455634,forest_woodland,3,mixed_context
FW_01244481,mixed,2024-02-29 19:26:00,21.1906,81.38798,304.68,2.17,4,11,16,60,21,0.48044625,industrial_tag,3,1.6542065,forest,3,mixed_context
FW_00483551,mixed,2022-11-02 08:15:00,29.93826,76.07353,351.83,14.79,0,1,2,3,3,2.50106,industrial_landuse,3,2.6557965,forest_woodland,3,mixed_context
FW_00216206,mixed,2022-03-30 20:12:00,12.82638,79.72936,312.05,1.13,0,0,0,0,0,2.7871094,industrial_tag,3,2.7435837,farmland,3,mixed_context
FW_00368290,mixed,2022-04-30 08:02:00,30.84579,76.1205,344.55,7.08,0,1,1,1,1,1.9592901,industrial_tag,3,0.8332909,farmland,3,mixed_context
FW_01649112,mixed,2024-11-13 20:28:00,21.18459,81.38921,308.39,2.04,4,19,19,54,19,0.122878075,manufacturing,3,1.9846147,forest,3,mixed_context
FW_01011893,mixed,2023-05-24 20:36:00,22.20559,84.84775,304.53,1.08,1,3,3,6,5,0.9620911,industrial_landuse,3,1.6529666,scrub,3,mixed_context
FW_00512511,mixed,2022-11-11 08:47:00,29.89726,75.72379,346.02,5.02,1,1,2,5,3,1.0773227,industrial_landuse,3,0.85029984,agricultural,2,mixed_context
FW_01192541,mixed,2024-01-20 20:15:00,24.82383,73.09087,296.37,1.26,5,9,14,31,25,0.17543419,industrial_landuse,3,1.6679358,scrub,3,mixed_context
FW_01213575,mixed,2024-02-09 20:39:00,29.12383,75.77998,299.84,0.67,2,2,2,2,2,0.36286357,industrial_landuse,3,0.3229645,farmland,3,mixed_context
FW_01105241,mixed,2023-11-11 20:28:00,23.77264,86.20851,301.91,1.89,10,35,44,141,29,1.2071085,mining,3,2.5843816,forest_woodland,3,mixed_context
FW_00998160,mixed,2023-05-16 19:46:00,22.10389,83.11943,314.36,3.16,3,7,7,14,12,1.166801,mining,3,2.7983046,forest_woodland,3,mixed_context
FW_01019793,no_close_context,2023-05-31 07:34:00,14.67301,78.74784,332.41,3.41,0,0,0,0,0,5.9747896,industrial_tag,3,6.7547827,scrub,3,no_close_context
FW_00132307,no_close_context,2022-03-19 07:46:00,17.92808,81.04977,336.01,1.21,0,0,0,0,0,19.21918,power_plant,3,9.444957,forest,3,no_close_context
FW_00064902,no_close_context,2022-03-04 19:59:00,15.16302,74.93276,298.94,0.56,0,0,0,1,1,21.393225,industrial_landuse,3,4.214299,forest_woodland,3,no_close_context
FW_00480066,no_close_context,2022-11-01 08:32:00,22.191,79.52284,343.48,2.9,0,0,0,0,0,9.706746,industrial_landuse,3,9.961525,forest_woodland,3,no_close_context
FW_01088240,no_close_context,2023-11-05 08:14:00,25.85094,78.05537,331.01,3.67,0,0,0,0,0,14.285691,industrial_landuse,3,24.199638,forest_woodland,3,no_close_context
FW_00648880,no_close_context,2023-02-11 20:50:00,14.69146,78.94396,315.09,4.54,0,0,0,0,0,13.627135,industrial_tag,3,8.363516,scrub,3,no_close_context
FW_01684731,no_close_context,2024-12-05 07:47:00,25.29715,83.72973,332.85,4.51,0,1,1,1,1,21.119238,industrial_landuse,3,20.926191,forest,3,no_close_context
FW_01401044,no_close_context,2024-04-09 07:47:00,19.1224,77.19203,336.41,4.04,0,0,0,0,0,10.612021,mining,3,6.518433,grassland,2,no_close_context
FW_01539758,no_close_context,2024-05-08 07:03:00,18.65059,78.66714,330.32,3.5,0,0,0,0,0,14.652144,industrial_landuse,3,10.630016,forest_woodland,3,no_close_context
FW_01301689,no_close_context,2024-03-18 08:00:00,21.58948,71.44263,348.06,8.54,0,0,0,0,0,11.150911,industrial_landuse,3,21.288225,agricultural,2,no_close_context
FW_01445988,no_close_context,2024-04-19 08:01:00,25.14535,83.34841,344.92,5.56,0,0,0,0,0,7.5429316,industrial_landuse,3,11.809271,forest,3,no_close_context
FW_00417049,no_close_context,2022-05-21 08:08:00,32.07386,76.17622,340.28,7.2,1,2,2,2,2,19.49781,manufacturing,3,3.6870759,forest_woodland,3,no_close_context
FW_00980220,no_close_context,2023-05-11 08:54:00,30.65591,74.3483,353.13,6.43,0,1,1,1,1,7.8381176,industrial_landuse,3,13.526246,farmland,3,no_close_context
FW_00179828,no_close_context,2022-03-27 08:36:00,18.60026,78.04842,341.14,2.72,0,0,0,1,1,6.94544,manufacturing,3,15.746639,forest_woodland,3,no_close_context
FW_00831486,no_close_context,2023-04-02 07:42:00,19.99596,79.36806,349.88,44.91,0,0,0,0,0,4.9101973,industrial_landuse,3,6.7338476,forest_woodland,3,no_close_context
FW_00654515,no_close_context,2023-02-13 07:42:00,23.31079,92.40077,367.0,12.84,0,0,0,0,0,39.3661,industrial_landuse,3,15.454452,scrub,3,no_close_context
FW_01157416,no_close_context,2023-12-21 07:09:00,21.52036,82.0133,332.34,3.47,0,0,0,0,0,4.9355927,power_plant,3,8.463317,farmland,3,no_close_context
FW_01443534,no_close_context,2024-04-19 07:59:00,19.72871,84.24303,336.93,2.79,0,0,0,0,0,50.4475,industrial_landuse,3,5.728615,forest_woodland,3,no_close_context
FW_01571355,no_close_context,2024-05-18 07:19:00,31.92762,74.97084,354.56,28.72,0,0,0,0,0,4.0605164,power_plant,3,12.924603,forest_woodland,3,no_close_context
FW_00242576,no_close_context,2022-04-05 07:28:00,23.35545,91.70837,340.48,9.49,0,0,0,0,0,12.18401,power_plant,3,15.555039,farmland,3,no_close_context
FW_00941324,no_close_context,2023-04-21 20:56:00,22.4423,73.63387,305.94,0.93,0,0,0,0,0,17.14899,industrial_landuse,3,6.2477555,forest,3,no_close_context
FW_00376116,no_close_context,2022-05-02 07:24:00,28.67875,76.822,344.46,17.58,0,0,0,0,0,5.7777376,industrial_landuse,3,6.3977027,grass_meadow,2,no_close_context
FW_00112583,no_close_context,2022-03-15 19:51:00,19.54364,78.39897,303.51,1.86,1,1,1,1,1,16.613033,industrial_landuse,3,6.78373,forest_woodland,3,no_close_context
FW_00702796,no_close_context,2023-02-28 07:59:00,14.45501,74.89511,336.96,7.43,0,0,0,0,0,17.262634,manufacturing,3,4.011849,forest_woodland,3,no_close_context
FW_01584049,no_close_context,2024-05-26 08:08:00,29.84403,76.81034,349.33,5.82,0,0,0,0,0,12.178528,industrial_landuse,3,11.532003,grassland,2,no_close_context
FW_00873526,no_close_context,2023-04-12 06:15:00,23.93986,92.07938,333.69,13.83,0,0,0,0,0,9.093283,mining,3,3.842018,forest_woodland,3,no_close_context
FW_00657167,no_close_context,2023-02-14 07:23:00,20.37055,86.52642,337.31,2.66,0,0,0,0,0,11.915681,industrial_landuse,3,12.122415,grassland,2,no_close_context
FW_00909007,no_close_context,2023-04-17 08:01:00,18.57574,80.51361,346.91,3.92,0,0,0,0,0,11.197372,industrial_landuse,3,14.001818,scrub,3,no_close_context
FW_00375976,no_close_context,2022-05-02 07:23:00,25.59706,76.5552,342.43,3.73,0,1,1,1,1,13.554841,industrial_landuse,3,10.462555,farmland,3,no_close_context
FW_00330980,no_close_context,2022-04-24 20:41:00,20.93091,77.81173,313.29,2.12,0,1,1,1,1,7.4305716,manufacturing,3,3.310255,farmland,3,no_close_context
FW_01051438,no_close_context,2023-09-30 07:50:00,31.61984,75.1429,340.83,5.01,1,1,1,1,1,7.563564,industrial_landuse,3,8.809999,forest_woodland,3,no_close_context
FW_01280022,no_close_context,2024-03-13 07:52:00,17.51099,79.8254,332.09,1.53,0,0,0,0,0,16.964502,mining,3,5.190959,orchard,3,no_close_context
FW_00965522,no_close_context,2023-05-07 08:28:00,29.04318,76.84613,336.91,3.17,0,0,0,1,1,16.570843,industrial_landuse,3,21.291975,forest_woodland,3,no_close_context
FW_00558191,no_close_context,2022-12-05 07:56:00,28.98659,78.04339,330.51,2.03,0,0,0,0,0,16.411917,industrial_landuse,3,13.829003,forest,3,no_close_context
FW_01457880,no_close_context,2024-04-21 07:22:00,22.47549,86.29062,340.63,4.24,0,0,0,0,0,7.074659,mining,3,4.871555,forest_woodland,3,no_close_context
FW_01628531,no_close_context,2024-10-30 07:22:00,25.67097,78.60606,334.16,4.71,1,1,1,1,1,6.1720552,mining,3,22.39459,forest_woodland,3,no_close_context
FW_00875006,no_close_context,2023-04-12 07:54:00,15.68027,75.5802,350.68,4.22,0,0,0,0,0,14.967518,industrial_landuse,3,20.002596,forest,3,no_close_context
FW_01232666,no_close_context,2024-02-21 07:47:00,21.56743,82.19222,336.52,3.11,0,0,0,10,2,10.838855,industrial_landuse,3,7.281468,forest_woodland,3,no_close_context
FW_01232269,no_close_context,2024-02-21 07:46:00,17.9492,80.1392,336.49,7.68,0,0,0,0,0,18.425184,industrial_landuse,3,8.695756,forest_woodland,3,no_close_context
FW_00273945,no_close_context,2022-04-12 08:38:00,24.8265,73.58968,339.67,3.72,0,0,0,0,0,5.8592935,mining,3,5.413366,scrub,3,no_close_context
FW_00946012,no_close_context,2023-04-24 07:30:00,19.71372,77.50493,340.11,7.61,0,0,0,1,1,29.020344,industrial_landuse,3,10.168373,forest,3,no_close_context
FW_00544057,no_close_context,2022-11-25 07:42:00,23.52563,79.92931,332.94,4.01,0,0,0,0,0,17.625708,mining,3,6.5930862,forest,3,no_close_context
FW_00902366,no_close_context,2023-04-16 06:42:00,27.20522,82.74973,353.57,8.91,0,0,0,0,0,12.12719,industrial_landuse,3,9.631332,forest,3,no_close_context
FW_00059902,no_close_context,2022-03-03 06:08:00,27.92992,95.27496,346.15,3.06,0,0,0,0,0,42.88347,industrial_tag,3,6.974756,forest_woodland,3,no_close_context
FW_01285014,no_close_context,2024-03-14 07:34:00,20.61931,81.41474,340.04,3.41,0,0,0,0,0,14.378533,industrial_landuse,3,9.241966,forest,3,no_close_context
FW_01279730,no_close_context,2024-03-13 07:51:00,14.08553,78.96983,348.08,4.58,0,1,1,1,1,19.383404,industrial_landuse,3,7.429061,scrub,3,no_close_context
FW_00790401,no_close_context,2023-03-13 07:18:00,26.49264,92.06926,333.2,2.17,0,0,0,0,0,3.729403,mining,3,3.721126,orchard,3,no_close_context
FW_00892910,no_close_context,2023-04-14 07:17:00,20.38466,79.49187,333.79,3.25,0,0,0,0,0,26.884996,industrial_tag,3,4.554343,forest_woodland,3,no_close_context
FW_01694662,no_close_context,2024-12-12 07:15:00,21.68523,81.7114,338.67,4.12,1,1,2,2,2,5.1135545,mining,3,4.9131947,forest,3,no_close_context
FW_00904288,no_close_context,2023-04-16 08:20:00,19.99562,73.44774,339.65,3.39,0,0,0,0,0,15.555558,industrial_landuse,3,3.9859133,scrub,3,no_close_context
FW_00241188,no_close_context,2022-04-05 07:27:00,19.17117,80.58599,335.55,3.05,0,0,0,0,0,54.5915,industrial_landuse,3,13.897944,farmland,3,no_close_context
FW_00813595,no_close_context,2023-03-26 08:12:00,13.81338,77.59267,344.97,3.93,2,2,2,3,2,4.463741,mining,3,8.400485,scrub,3,no_close_context
FW_00215264,no_close_context,2022-03-30 20:10:00,19.94658,80.8615,310.94,1.74,2,2,2,2,2,27.686335,mining,3,5.656904,forest_woodland,3,no_close_context
FW_01562995,no_close_context,2024-05-15 08:15:00,31.38045,75.7748,354.39,11.68,0,0,0,0,0,4.725413,industrial_landuse,3,7.4533696,forest_woodland,3,no_close_context
FW_01160666,no_close_context,2023-12-23 20:42:00,18.1487,77.35568,299.16,0.99,0,0,0,0,0,7.11709,industrial_landuse,3,7.9018073,scrub,3,no_close_context
FW_00355763,no_close_context,2022-04-28 08:39:00,30.29016,75.92067,341.38,3.69,2,2,2,2,1,4.044401,industrial_landuse,3,4.833598,farmland,3,no_close_context
FW_00395578,no_close_context,2022-05-08 07:12:00,30.12533,75.20518,341.84,3.45,0,1,1,1,1,11.973246,industrial_landuse,3,14.797811,grassland,2,no_close_context
FW_01522639,no_close_context,2024-05-04 08:18:00,19.7367,80.85719,336.35,4.11,0,1,1,1,1,33.418396,mining,3,8.071883,farmland,3,no_close_context
FW_00888031,no_close_context,2023-04-13 07:37:00,24.41608,92.83177,333.04,3.65,5,9,9,9,2,8.399898,power_plant,3,3.0282733,forest_woodland,3,no_close_context
FW_00281433,no_close_context,2022-04-14 20:28:00,23.69856,77.9226,310.32,0.66,0,0,0,0,0,13.133419,power_plant,3,20.022366,scrub,3,no_close_context
FW_01426015,no_close_context,2024-04-15 20:05:00,17.82554,79.9844,312.05,1.23,0,0,0,0,0,13.940735,industrial_tag,3,7.28965,forest_woodland,3,no_close_context
FW_01466161,no_close_context,2024-04-23 08:27:00,27.47964,81.34296,332.0,5.48,3,3,3,3,1,18.401794,industrial_landuse,3,10.25009,farmland,3,no_close_context
FW_00665716,no_close_context,2023-02-16 20:56:00,18.249,75.1664,300.76,0.5,0,0,0,0,0,16.136482,industrial_landuse,3,3.0730698,farmland,3,no_close_context
FW_00239094,no_close_context,2022-04-04 20:15:00,23.16517,80.92535,312.12,1.09,0,0,0,0,0,19.159113,industrial_tag,3,3.9683206,forest_woodland,3,no_close_context
FW_01324217,no_close_context,2024-03-26 08:51:00,23.06748,76.12653,336.08,6.47,0,0,0,0,0,4.956269,industrial_landuse,3,19.655521,forest_woodland,3,no_close_context
FW_00580027,no_close_context,2022-12-22 07:35:00,21.71295,82.42186,336.61,7.64,0,0,0,0,0,15.744782,mining,3,20.156807,forest_woodland,3,no_close_context
FW_01238233,no_close_context,2024-02-25 08:12:00,20.44539,75.78897,336.09,2.48,0,0,0,0,0,18.27664,industrial_landuse,3,13.760792,scrub,3,no_close_context
FW_00707416,no_close_context,2023-03-01 07:40:00,15.20469,78.79177,344.02,20.85,5,5,5,5,1,24.467836,industrial_tag,3,14.956958,grassland,2,no_close_context
FW_00255185,no_close_context,2022-04-08 08:11:00,16.49648,79.71943,333.42,3.12,0,0,0,0,0,10.820097,mining,3,14.25056,scrub,3,no_close_context
FW_00541607,no_close_context,2022-11-24 06:20:00,27.51841,95.98367,326.58,1.64,0,0,0,0,0,9.491912,mining,3,11.115715,forest_woodland,3,no_close_context
FW_00903675,no_close_context,2023-04-16 08:20:00,19.21273,80.49522,330.78,2.62,0,0,0,0,0,46.58952,industrial_landuse,3,9.382296,farmland,3,no_close_context
FW_00816179,no_close_context,2023-03-27 07:55:00,20.04054,83.46568,335.8,3.12,0,0,0,2,1,25.330772,industrial_landuse,3,11.260865,forest_woodland,3,no_close_context
FW_00498076,no_close_context,2022-11-06 08:39:00,24.30259,77.9799,367.0,4.22,0,0,0,0,0,12.833465,mining,3,12.666918,farmland,3,no_close_context
FW_00575326,no_close_context,2022-12-19 08:30:00,14.83575,77.96294,330.59,2.52,0,0,0,0,0,4.7748704,mining,3,5.2955637,scrub,3,no_close_context
FW_01180218,no_close_context,2024-01-09 07:53:00,20.91702,82.14523,335.98,3.74,0,0,0,0,0,13.511459,manufacturing,3,13.184037,scrub,3,no_close_context
FW_00475174,no_close_context,2022-10-30 07:29:00,23.41435,79.03801,334.77,4.44,0,0,0,0,0,3.390621,mining,3,7.904696,forest_woodland,3,no_close_context
FW_01008338,no_close_context,2023-05-22 08:44:00,17.12518,80.08343,343.95,11.31,0,0,0,0,0,13.365504,industrial_landuse,3,13.203115,farmland,3,no_close_context
FW_00228534,no_close_context,2022-04-02 20:53:00,22.56353,77.68425,305.67,0.77,5,7,7,7,2,8.428969,industrial_landuse,3,9.625412,forest_woodland,3,no_close_context
FW_01397106,no_close_context,2024-04-08 08:07:00,22.84245,75.35442,344.54,11.09,0,0,0,0,0,17.267475,industrial_landuse,3,35.446316,forest_woodland,3,no_close_context
FW_00930314,no_close_context,2023-04-19 07:25:00,23.41484,76.4225,341.46,10.42,0,0,0,0,0,9.545142,mining,3,12.867889,grassland,2,no_close_context
FW_01686312,no_close_context,2024-12-06 07:29:00,25.30942,83.961,342.69,12.02,0,0,0,0,0,39.171783,industrial_landuse,3,8.498474,forest,3,no_close_context
FW_00612432,no_close_context,2023-01-19 07:11:00,24.75755,93.59252,331.41,3.82,0,0,0,0,0,20.04898,industrial_landuse,3,9.917073,forest_woodland,3,no_close_context
FW_00074932,no_close_context,2022-03-08 20:24:00,15.89191,78.78325,304.97,0.72,3,3,3,3,2,21.552488,industrial_tag,3,19.812193,forest,3,no_close_context
FW_00682467,no_close_context,2023-02-23 07:55:00,21.36607,73.93693,344.2,3.72,0,0,0,0,0,21.841974,industrial_landuse,3,14.689284,farmland,3,no_close_context
FW_01081058,no_close_context,2023-11-01 07:49:00,27.69188,80.56949,337.52,3.24,0,0,0,0,0,27.891085,industrial_landuse,3,30.441217,forest_woodland,3,no_close_context
FW_00185226,no_close_context,2022-03-28 08:18:00,19.47707,81.31095,336.69,4.16,0,0,0,0,0,4.758736,mining,3,5.5882792,forest_woodland,3,no_close_context
FW_01337313,no_close_context,2024-03-29 07:54:00,23.25219,87.29114,333.81,4.36,0,0,0,0,0,16.51106,industrial_landuse,3,4.597042,forest_woodland,3,no_close_context
FW_01671194,no_close_context,2024-11-24 07:54:00,28.85256,77.91698,329.97,2.14,0,0,0,0,0,11.612803,industrial_landuse,3,15.480566,grassland,2,no_close_context
FW_00098281,no_close_context,2022-03-14 07:40:00,18.8437,80.59024,339.18,3.68,3,3,3,3,1,41.870167,industrial_landuse,3,19.460417,forest_woodland,3,no_close_context
FW_01443478,no_close_context,2024-04-19 07:59:00,19.6762,83.42321,346.9,7.39,0,0,0,0,0,3.9451408,mining,3,7.5623083,forest_woodland,3,no_close_context
FW_00307301,no_close_context,2022-04-20 07:46:00,17.43474,80.9189,343.2,3.27,0,0,0,0,0,25.05568,industrial_landuse,3,7.456844,forest_woodland,3,no_close_context
FW_00407014,no_close_context,2022-05-14 08:39:00,30.91811,76.08727,367.0,24.87,0,3,6,6,2,4.8504405,industrial_landuse,3,5.7486153,forest,3,no_close_context
FW_00143024,no_close_context,2022-03-21 07:10:00,26.60319,93.56677,338.19,9.85,0,0,1,1,1,5.3373423,industrial_landuse,3,3.0876,orchard,3,no_close_context
FW_01260563,no_close_context,2024-03-07 20:37:00,14.34658,76.66026,308.1,2.75,0,0,0,0,0,7.6985874,industrial_landuse,3,8.365984,forest,3,no_close_context
FW_00840148,no_close_context,2023-04-05 08:27:00,21.25134,80.63667,333.24,1.06,0,0,0,0,0,11.942954,industrial_landuse,3,3.1746368,forest_woodland,3,no_close_context
FW_00304189,no_close_context,2022-04-19 08:06:00,25.11909,83.411,337.96,3.63,0,0,0,0,0,11.5153675,industrial_landuse,3,12.199547,scrub,3,no_close_context
FW_00237544,no_close_context,2022-04-04 07:47:00,24.51591,85.98552,341.99,2.88,0,0,0,0,0,10.469202,mining,3,12.193635,forest_woodland,3,no_close_context
FW_00796216,no_close_context,2023-03-14 06:59:00,24.81791,93.44366,333.61,9.48,0,0,0,0,0,33.91668,industrial_landuse,3,3.2401738,forest_woodland,3,no_close_context
FW_01426968,no_close_context,2024-04-16 07:15:00,18.60964,79.80513,344.33,4.71,0,0,0,0,0,11.647199,mining,3,7.0516543,forest_woodland,3,no_close_context
FW_00302167,no_close_context,2022-04-19 08:04:00,18.10579,81.96082,345.77,4.51,0,0,0,2,1,9.810436,power_plant,3,5.153449,forest_woodland,3,no_close_context
